Workbook

Sheet Customers
A1: Customer_ID | B1: Company_Name | C1: Industry | D1: Company_Size | E1: Customer_Tier | F1: Region | G1: Onboarding_Date | H1: Renewal_Status | I1: MRR_USD | J1: NPS_Score | K1: Subscribed_Plan | L1: CSM_Name | M1: Contract_Months | N1: Churn_Risk_Flag
A2: CUST-0001 | B2: Patla-Gaba | C2: Retail | D2: 1–50 | E2: Mid-Market | F2: Southeast Asia | G2: 2024-05-19 | H2: At Risk | I2: 911.36 | J2: 8 | K2: WorkHub Core | L2: Hemangini Lalla | M2: 24 | N2: 1
A3: CUST-0002 | B3: Pant-Kadakia | C3: BFSI | D3: 5000+ | E3: Enterprise | F3: Southeast Asia | G3: 2023-11-27 | H3: Active | I3: 10215.15 | J3: 9 | K3: WorkHub Pro | L3: Tripti Yadav | M3: 24 | N3: 0
A4: CUST-0003 | B4: Loke, Bora and Garg | C4: EdTech | D4: 1–50 | E4: Mid-Market | F4: South Asia | G4: 2024-01-24 | H4: Active | I4: 3723.34 | J4: 15 | K4: WorkHub Core | L4: Janaki Handa | M4: 12 | N4: 0
A5: CUST-0004 | B5: Konda, Gade and Shere | C5: Logistics | D5: 1001–5000 | E5: Mid-Market | F5: Southeast Asia | G5: 2022-05-06 | H5: Active | I5: 1352.5 | J5: 91 | K5: WorkHub Pro | L5: Lajita Chatterjee | M5: 36 | N5: 0
A6: CUST-0005 | B6: Madan-Kanda | C6: Healthcare | D6: 5000+ | E6: SMB | F6: East Africa | G6: 2022-10-25 | H6: At Risk | I6: 598.27 | K6: WorkHub Core | L6: Fariq Kaul | M6: 12 | N6: 1
A7: CUST-0006 | B7: Nair, Bhalla and Karnik | C7: EdTech | D7: 51–200 | E7: SMB | F7: Southeast Asia | G7: 2024-03-20 | H7: Active | I7: 500.59 | J7: 59 | K7: WorkHub Core | L7: Gagan Sami | M7: 12 | N7: 0
A8: CUST-0007 | B8: Mutti Group | C8: Government | D8: 5000+ | E8: SMB | F8: ANZ | G8: 2024-02-27 | H8: Churned | I8: 187.73 | J8: 40 | K8: WorkHub Core | L8: Janaki Handa | M8: 36 | N8: 1
A9: CUST-0008 | B9: Bhatti-Kakar | C9: Retail | D9: 5000+ | E9: Enterprise | F9: East Africa | G9: 2022-07-06 | H9: Active | I9: 11040.09 | J9: 7 | K9: WorkHub Enterprise | L9: Gayathri Chaudry | M9: 12 | N9: 0
A10: CUST-0009 | B10: Murty, Kala and Tata | C10: EdTech | D10: 201–1000 | E10: Mid-Market | F10: East Africa | G10: 2024-07-05 | H10: Active | I10: 1428.17 | J10: 70 | K10: WorkHub Core | L10: Lajita Mall | M10: 12 | N10: 0
A11: CUST-0010 | B11: Shanker-Dhar | C11: Retail | D11: 5000+ | E11: Enterprise | F11: East Africa | G11: 2022-06-07 | H11: Churned | I11: 16628.01 | K11: WorkHub Enterprise | L11: Aryan Maharaj | M11: 12 | N11: 1
A12: CUST-0011 | B12: Dewan-Koshy | C12: Real Estate | D12: 201–1000 | E12: Mid-Market | F12: Southeast Asia | G12: 2024-02-25 | H12: Churned | I12: 896.91 | J12: 80 | K12: WorkHub Core | L12: Chakradev Kari | M12: 12 | N12: 1
A13: CUST-0012 | B13: Yohannan, Lall and Sangha | C13: Media & Entertainment | D13: 201–1000 | E13: Mid-Market | F13: ANZ | G13: 2022-03-16 | H13: Active | I13: 2129.99 | J13: 59 | K13: WorkHub Pro | L13: Lajita Chatterjee | M13: 36 | N13: 0
A14: CUST-0013 | B14: Rastogi, Pathak and Kanda | C14: Manufacturing | D14: 1001–5000 | E14: Enterprise | F14: Southeast Asia | G14: 2024-02-18 | H14: Churned | I14: 8467.62 | K14: WorkHub Pro | L14: Nathaniel Sami | M14: 12 | N14: 1
A15: CUST-0014 | B15: Upadhyay Group | C15: Logistics | D15: 1001–5000 | E15: Enterprise | F15: East Africa | G15: 2023-03-05 | H15: At Risk | I15: 6235.8 | J15: 41 | K15: WorkHub Pro | L15: Saumya Mall | M15: 12 | N15: 1
A16: CUST-0015 | B16: Batta Inc | C16: Telecom | D16: 1001–5000 | E16: Mid-Market | F16: ANZ | G16: 2024-06-19 | H16: Active | I16: 3824.74 | J16: 64 | K16: WorkHub Pro | L16: Saumya Mall | M16: 36 | N16: 0
A17: CUST-0016 | B17: Dutta Ltd | C17: BFSI | D17: 201–1000 | E17: Mid-Market | F17: ANZ | G17: 2023-09-04 | H17: Churned | I17: 2305.88 | K17: WorkHub Pro | L17: Kritika Brar | M17: 12 | N17: 1
A18: CUST-0017 | B18: Bhatt-Rajan | C18: Manufacturing | D18: 1001–5000 | E18: Mid-Market | F18: Middle East | G18: 2022-02-16 | H18: Churned | I18: 1422.9 | J18: 70 | K18: WorkHub Core | L18: Fariq Kaul | M18: 24 | N18: 1
A19: CUST-0018 | B19: Sidhu-Wadhwa | C19: Logistics | D19: 5000+ | E19: Mid-Market | F19: East Africa | G19: 2022-05-02 | H19: Active | I19: 1994.23 | J19: 43 | K19: WorkHub Core | L19: Viraj Tiwari | M19: 12 | N19: 0
A20: CUST-0019 | B20: Apte-Contractor | C20: Media & Entertainment | D20: 5000+ | E20: SMB | F20: South Asia | G20: 16/02/2022 | H20: Churned | I20: 662.78 | J20: 66 | K20: WorkHub Core | L20: Lajita Chatterjee | M20: 36 | N20: 1
A21: CUST-0020 | B21: Yadav, Loke and Oak | C21: Media & Entertainment | D21: 5000+ | E21: Enterprise | F21: Middle East | G21: 2023-08-31 | H21: At Risk | I21: 11452.76 | J21: 90 | K21: WorkHub Pro | L21: Aryan Maharaj | M21: 24 | N21: 1
A22: CUST-0021 | B22: Memon Group | C22: Healthcare | D22: 1001–5000 | E22: SMB | F22: East Africa | G22: 2022-11-12 | H22: Churned | I22: 581.63 | K22: WorkHub Core | L22: Nathaniel Sami | M22: 36 | N22: 1
A23: CUST-0022 | B23: Setty Inc | C23: Government | D23: 51–200 | E23: SMB | F23: East Africa | G23: 2023-10-07 | H23: At Risk | I23: 366.13 | J23: 87 | K23: WorkHub Core | L23: Saumya Mall | M23: 12 | N23: 1
A24: CUST-0023 | B24: Lall, Tella and Gokhale | C24: Media & Entertainment | D24: 51–200 | E24: Mid-Market | F24: ANZ | G24: 2023-12-09 | H24: Active | I24: 2756.73 | J24: 60 | K24: WorkHub Pro | L24: Viraj Tiwari | M24: 36 | N24: 0
A25: CUST-0024 | B25: Cherian, Misra and Tripathi | C25: Manufacturing | D25: 1001–5000 | E25: Enterprise | F25: East Africa | G25: 2023-01-21 | H25: Active | I25: 16769.74 | J25: 43 | K25: WorkHub Pro | L25: Chakradev Kari | M25: 12 | N25: 0
A26: CUST-0025 | B26: Issac, Dua and Prakash | C26: Logistics | D26: 5000+ | E26: SMB | F26: Middle East | G26: 2022-08-19 | H26: Renewed | I26: 639.82 | J26: 90 | K26: WorkHub Core | L26: Lajita Chatterjee | M26: 24 | N26: 0
A27: CUST-0026 | B27: Zacharia PLC | C27: Logistics | D27: 201–1000 | E27: Mid-Market | F27: South Asia | G27: 2023-08-11 | H27: Active | I27: 3936.51 | J27: 44 | K27: WorkHub Pro | L27: Gayathri Chaudry | M27: 12 | N27: 0
A28: CUST-0027 | B28: Naik Group | C28: Healthcare | D28: 201–1000 | E28: Enterprise | F28: ANZ | G28: 2023-11-03 | H28: Active | I28: 6828.95 | J28: 68 | K28: WorkHub Pro | L28: Viraj Tiwari | M28: 12 | N28: 0
A29: CUST-0028 | B29: Choudhury LLC | C29: Real Estate | D29: 51–200 | E29: Enterprise | F29: Southeast Asia | G29: 2022-02-21 | H29: Active | I29: 12931.22 | K29: WorkHub Pro | L29: Chakradev Kari | M29: 12 | N29: 0
A30: CUST-0029 | B30: Khatri-Bhardwaj | C30: Retail | D30: 1–50 | E30: SMB | F30: East Africa | G30: 2024-09-28 | H30: Active | I30: 754.52 | J30: 60 | K30: WorkHub Core | L30: Gayathri Chaudry | M30: 24 | N30: 0
A31: CUST-0030 | B31: Brar Inc | C31: BFSI | D31: 1–50 | E31: Mid-Market | F31: East Africa | G31: 2022-08-26 | H31: Churned | I31: 3797.34 | J31: 22 | K31: WorkHub Pro | L31: Udant Dewan | M31: 24 | N31: 1
A32: CUST-0031 | B32: Sunder, Biswas and Walia | C32: Retail | D32: 201–1000 | E32: SMB | F32: South Asia | G32: 2022-01-10 | H32: Churned | I32: 749.92 | J32: 42 | K32: WorkHub Core | L32: Viraj Tiwari | M32: 36 | N32: 1
A33: CUST-0032 | B33: Dave Ltd | C33: EdTech | D33: 1–50 | E33: SMB | F33: Middle East | G33: 2022-06-16 | H33: Churned | I33: 603.02 | J33: 1 | K33: WorkHub Core | L33: Saumya Mall | M33: 12 | N33: 1
A34: CUST-0033 | B34: Gandhi-Lanka | C34: Media & Entertainment | D34: 1001–5000 | E34: Mid-Market | F34: East Africa | G34: 02/12/2022 | H34: Churned | I34: 1391.3 | J34: 17 | K34: WorkHub Pro | L34: Aryan Maharaj | M34: 24 | N34: 1
A35: CUST-0034 | B35: Sampath, Kakar and Zacharia | C35: Government | D35: 201–1000 | E35: SMB | F35: Middle East | G35: 2022-11-06 | H35: Churned | I35: 283.09 | J35: 46 | K35: WorkHub Core | L35: Ayushman Chander | M35: 24 | N35: 1
A36: CUST-0035 | B36: Iyer, Muni and Rastogi | C36: Media & Entertainment | D36: 5000+ | E36: Mid-Market | F36: Middle East | G36: 08/12/2023 | H36: Renewed | I36: 1744.12 | J36: 78 | K36: WorkHub Pro | L36: Chakradev Kari | M36: 12 | N36: 0
A37: CUST-0036 | B37: Prakash, Sarma and Varughese | C37: Real Estate | D37: 201–1000 | E37: Mid-Market | F37: ANZ | G37: 2023-12-20 | H37: Active | I37: 2520.06 | J37: 85 | K37: WorkHub Pro | L37: Gagan Sami | M37: 36 | N37: 0
A38: CUST-0037 | B38: Dara-Kota | C38: Manufacturing | D38: 1–50 | E38: SMB | F38: East Africa | G38: 25/04/2022 | H38: Active | I38: 453.84 | J38: 73 | K38: WorkHub Core | L38: Lajita Chatterjee | M38: 36 | N38: 0
A39: CUST-0038 | B39: Bhatt LLC | C39: EdTech | D39: 5000+ | E39: Mid-Market | F39: ANZ | G39: 2022-04-04 | H39: Active | I39: 978.03 | J39: 16 | K39: WorkHub Core | L39: Udant Dewan | M39: 36 | N39: 0
A40: CUST-0039 | B40: Karpe PLC | C40: Logistics | D40: 1–50 | E40: SMB | F40: ANZ | G40: 2022-09-18 | H40: At Risk | I40: 504.82 | J40: 5 | K40: WorkHub Core | L40: Lajita Mall | M40: 12 | N40: 1
A41: CUST-0040 | B41: Amble Inc | C41: Healthcare | D41: 1001–5000 | E41: Mid-Market | F41: South Asia | G41: 2022-10-21 | H41: At Risk | I41: 3250.65 | J41: 93 | K41: WorkHub Core | L41: Hemangini Lalla | M41: 24 | N41: 1
A42: CUST-0041 | B42: Bhargava, Karnik and Bir | C42: Media & Entertainment | D42: 1001–5000 | E42: SMB | F42: South Asia | G42: 2023-12-01 | H42: Renewed | I42: 193.09 | K42: WorkHub Core | L42: Fariq Kaul | M42: 12 | N42: 0
A43: CUST-0042 | B43: Narayanan Inc | C43: EdTech | D43: 1–50 | E43: Enterprise | F43: South Asia | G43: 2024-09-28 | H43: Churned | I43: 11622.23 | J43: 68 | K43: WorkHub Enterprise | L43: Nathaniel Sami | M43: 24 | N43: 1
A44: CUST-0043 | B44: Khanna, Mallick and Sunder | C44: Logistics | D44: 51–200 | E44: Mid-Market | F44: South Asia | G44: 2022-02-02 | H44: Active | I44: 3251.37 | K44: WorkHub Pro | L44: Ayushman Chander | M44: 36 | N44: 0
A45: CUST-0044 | B45: Zacharia and Sons | C45: Real Estate | D45: 1–50 | E45: Mid-Market | F45: Southeast Asia | G45: 29/01/2024 | H45: Active | I45: 2527.23 | J45: 96 | K45: WorkHub Pro | L45: Viraj Tiwari | M45: 36 | N45: 0
A46: CUST-0045 | B46: Solanki, Kibe and Solanki | C46: EdTech | D46: 5000+ | E46: Enterprise | F46: Middle East | G46: 2023-08-15 | H46: Churned | I46: 8489.31 | J46: 38 | K46: WorkHub Enterprise | L46: Kritika Brar | M46: 24 | N46: 1
A47: CUST-0046 | B47: Gupta-Chandra | C47: Telecom | D47: 5000+ | E47: Mid-Market | F47: Southeast Asia | G47: 2023-10-04 | H47: Churned | I47: 950.03 | J47: 44 | K47: WorkHub Core | L47: Fariq Kaul | M47: 24 | N47: 1
A48: CUST-0047 | B48: Sankar LLC | C48: Media & Entertainment | D48: 51–200 | E48: Enterprise | F48: Middle East | G48: 2023-01-21 | H48: Active | I48: 7373.55 | J48: 28 | K48: WorkHub Enterprise | L48: Janaki Handa | M48: 12 | N48: 0
A49: CUST-0048 | B49: Roy-Sibal | C49: Media & Entertainment | D49: 5000+ | E49: Mid-Market | F49: East Africa | G49: 2022-05-18 | H49: Active | I49: 1856.84 | J49: 10 | K49: WorkHub Core | L49: Gagan Sami | M49: 36 | N49: 0
A50: CUST-0049 | B50: Bhagat, Chaudhari and Bhat | C50: EdTech | D50: 1–50 | E50: Mid-Market | F50: Middle East | G50: 2023-01-22 | H50: Churned | I50: 3595.59 | J50: 24 | K50: WorkHub Pro | L50: Chakradev Kari | M50: 12 | N50: 1
A51: CUST-0050 | B51: Nori-Chopra | C51: Manufacturing | D51: 201–1000 | E51: Mid-Market | F51: South Asia | G51: 2022-08-05 | H51: Renewed | I51: 1175.41 | J51: 96 | K51: WorkHub Pro | L51: Saumya Mall | M51: 24 | N51: 0
A52: CUST-0051 | B52: Handa and Sons | C52: Telecom | D52: 201–1000 | E52: Mid-Market | F52: Middle East | G52: 2023-01-25 | H52: Churned | I52: 1786.95 | J52: 46 | K52: WorkHub Core | L52: Janaki Handa | M52: 12 | N52: 1
A53: CUST-0052 | B53: Sen, Dey and Sami | C53: Government | D53: 201–1000 | E53: Mid-Market | F53: Southeast Asia | G53: 2023-01-15 | H53: Active | I53: 3565.07 | J53: 94 | K53: WorkHub Core | L53: Lajita Mall | M53: 36 | N53: 0
A54: CUST-0053 | B54: Mallick Group | C54: Media & Entertainment | D54: 201–1000 | E54: Mid-Market | F54: Southeast Asia | G54: 2022-07-20 | H54: Active | I54: 3466.76 | J54: 63 | K54: WorkHub Core | L54: Arunima Dugal | M54: 24 | N54: 0
A55: CUST-0054 | B55: Borra Group | C55: Government | D55: 1001–5000 | E55: SMB | F55: Southeast Asia | G55: 2024-01-21 | H55: Active | I55: 604.22 | J55: 62 | K55: WorkHub Core | L55: Fariq Kaul | M55: 12 | N55: 0
A56: CUST-0055 | B56: Chaudhari, Bedi and Zachariah | C56: Healthcare | D56: 1–50 | E56: Mid-Market | F56: South Asia | G56: 2023-02-27 | H56: Churned | I56: 1017.5 | K56: WorkHub Core | L56: Hemangini Lalla | M56: 12 | N56: 1
A57: CUST-0056 | B57: Chander and Sons | C57: Real Estate | D57: 1001–5000 | E57: Mid-Market | F57: ANZ | G57: 17/01/2022 | H57: Churned | I57: 837.92 | J57: 67 | K57: WorkHub Core | L57: Aryan Maharaj | M57: 36 | N57: 1
A58: CUST-0057 | B58: Ray Group | C58: Media & Entertainment | D58: 51–200 | E58: Enterprise | F58: South Asia | G58: 29/07/2024 | H58: Active | I58: 6687.05 | K58: WorkHub Pro | L58: Arunima Dugal | M58: 24 | N58: 0
A59: CUST-0058 | B59: Kala-Rattan | C59: Media & Entertainment | D59: 1001–5000 | E59: SMB | F59: East Africa | G59: 2022-09-07 | H59: Active | I59: 578.83 | J59: 10 | K59: WorkHub Core | L59: Gagan Sami | M59: 24 | N59: 0
A60: CUST-0059 | B60: Gala Group | C60: Telecom | D60: 1001–5000 | E60: Enterprise | F60: South Asia | G60: 15/10/2023 | H60: Active | I60: 10998.02 | J60: 55 | K60: WorkHub Pro | L60: Ayushman Chander | M60: 36 | N60: 0
A61: CUST-0060 | B61: Ramakrishnan LLC | C61: EdTech | D61: 51–200 | E61: Mid-Market | F61: East Africa | G61: 2023-05-02 | H61: Renewed | I61: 2990.17 | K61: WorkHub Pro | L61: Rushil Saini | M61: 24 | N61: 0
A62: CUST-0061 | B62: Mangal-Sampath | C62: EdTech | D62: 5000+ | E62: SMB | F62: Southeast Asia | G62: 2024-02-10 | H62: At Risk | I62: 750.21 | J62: 38 | K62: WorkHub Core | L62: Tripti Yadav | M62: 36 | N62: 1
A63: CUST-0062 | B63: Sur, Dubey and Gupta | C63: Manufacturing | D63: 1001–5000 | E63: Mid-Market | F63: Southeast Asia | G63: 2024-03-20 | H63: Churned | I63: 2402.54 | K63: WorkHub Core | L63: Nathaniel Sami | M63: 12 | N63: 1
A64: CUST-0063 | B64: Kalla-Bhardwaj | C64: Real Estate | D64: 5000+ | E64: Mid-Market | F64: ANZ | G64: 2024-09-19 | H64: Active | I64: 1674.65 | J64: 57 | K64: WorkHub Core | L64: Lajita Mall | M64: 24 | N64: 0
A65: CUST-0064 | B65: Bhat, Murthy and Bhandari | C65: Real Estate | D65: 1001–5000 | E65: SMB | F65: South Asia | G65: 2024-03-01 | H65: At Risk | I65: 599.18 | J65: 10 | K65: WorkHub Core | L65: Viraj Tiwari | M65: 36 | N65: 1
A66: CUST-0065 | B66: Sood PLC | C66: Manufacturing | D66: 1–50 | E66: SMB | F66: South Asia | G66: 2022-01-06 | H66: Active | I66: 632.94 | K66: WorkHub Core | L66: Kritika Brar | M66: 24 | N66: 0
A67: CUST-0066 | B67: Dugar, Bhandari and Trivedi | C67: Telecom | D67: 1001–5000 | E67: SMB | F67: South Asia | G67: 27/01/2022 | H67: Churned | I67: 517.85 | J67: 100 | K67: WorkHub Core | L67: Aryan Maharaj | M67: 24 | N67: 1
A68: CUST-0067 | B68: Grewal Inc | C68: Healthcare | D68: 5000+ | E68: Mid-Market | F68: Southeast Asia | G68: 2023-08-09 | H68: Churned | I68: 1342.41 | J68: 34 | K68: WorkHub Core | L68: Viraj Tiwari | M68: 12 | N68: 1
A69: CUST-0068 | B69: Bir, Keer and Raval | C69: Logistics | D69: 1001–5000 | E69: Enterprise | F69: Middle East | G69: 2023-05-11 | H69: Active | I69: 17219.11 | K69: WorkHub Enterprise | L69: Janaki Handa | M69: 12 | N69: 0
A70: CUST-0069 | B70: Koshy PLC | C70: BFSI | D70: 1001–5000 | E70: Mid-Market | F70: Middle East | G70: 2024-05-11 | H70: At Risk | I70: 1854.53 | J70: 42 | K70: WorkHub Pro | L70: Gayathri Chaudry | M70: 24 | N70: 1
A71: CUST-0070 | B71: Baral, Bumb and Saini | C71: EdTech | D71: 1001–5000 | E71: Mid-Market | F71: Middle East | G71: 2022-07-01 | H71: Renewed | I71: 1732.63 | J71: 88 | K71: WorkHub Pro | L71: Lajita Chatterjee | M71: 24 | N71: 0
A72: CUST-0071 | B72: Virk, Mutti and Lal | C72: Media & Entertainment | D72: 201–1000 | E72: Mid-Market | F72: South Asia | G72: 2024-08-12 | H72: Churned | I72: 2546.01 | J72: 87 | K72: WorkHub Pro | L72: Janaki Handa | M72: 36 | N72: 1
A73: CUST-0072 | B73: Murthy and Sons | C73: Logistics | D73: 1–50 | E73: SMB | F73: ANZ | G73: 2023-11-21 | H73: Churned | I73: 269.41 | J73: 84 | K73: WorkHub Core | L73: Tripti Yadav | M73: 12 | N73: 1
A74: CUST-0073 | B74: Randhawa-Deep | C74: Real Estate | D74: 1001–5000 | E74: SMB | F74: East Africa | G74: 2023-02-15 | H74: Renewed | I74: 708.74 | J74: 53 | K74: WorkHub Core | L74: Lajita Mall | M74: 36 | N74: 0
A75: CUST-0074 | B75: Mital, Shankar and Mutti | C75: Healthcare | D75: 1–50 | E75: Mid-Market | F75: Southeast Asia | G75: 2023-11-05 | H75: Active | I75: 2760.57 | K75: WorkHub Core | L75: Lajita Chatterjee | M75: 24 | N75: 0
A76: CUST-0075 | B76: Andra Group | C76: Healthcare | D76: 201–1000 | E76: SMB | F76: Southeast Asia | G76: 2023-06-07 | H76: Churned | I76: 581.37 | J76: 28 | K76: WorkHub Core | L76: Janaki Handa | M76: 36 | N76: 1
A77: CUST-0076 | B77: Chaudhry, Borah and Yogi | C77: Telecom | D77: 51–200 | E77: Mid-Market | F77: Middle East | G77: 2022-01-26 | H77: Active | I77: 3745.75 | K77: WorkHub Pro | L77: Hemangini Lalla | M77: 24 | N77: 0
A78: CUST-0077 | B78: Toor LLC | C78: EdTech | D78: 5000+ | E78: SMB | F78: ANZ | G78: 2022-12-23 | H78: Active | I78: 587.73 | K78: WorkHub Core | L78: Ayushman Chander | M78: 12 | N78: 0
A79: CUST-0078 | B79: Palla Inc | C79: Healthcare | D79: 51–200 | E79: Mid-Market | F79: Southeast Asia | G79: 2023-06-13 | H79: Active | I79: 2591.52 | J79: 59 | K79: WorkHub Core | L79: Rushil Saini | M79: 12 | N79: 0
A80: CUST-0079 | B80: Pingle LLC | C80: Media & Entertainment | D80: 1001–5000 | E80: Mid-Market | F80: South Asia | G80: 2024-01-26 | H80: Active | I80: 2695.05 | K80: WorkHub Pro | L80: Saumya Mall | M80: 24 | N80: 0
A81: CUST-0080 | B81: Sarma PLC | C81: Healthcare | D81: 5000+ | E81: Mid-Market | F81: South Asia | G81: 2024-03-29 | H81: Active | I81: 1843.15 | K81: WorkHub Core | L81: Fariq Kaul | M81: 36 | N81: 0
A82: CUST-0081 | B82: Mittal, Wadhwa and Anand | C82: Media & Entertainment | D82: 5000+ | E82: Mid-Market | F82: ANZ | G82: 25/08/2023 | H82: Active | I82: 2265.15 | K82: WorkHub Core | L82: Gagan Sami | M82: 36 | N82: 0
A83: CUST-0082 | B83: Mistry, Chawla and Desai | C83: Healthcare | D83: 51–200 | E83: Mid-Market | F83: Middle East | G83: 2022-04-30 | H83: Churned | I83: 2434.64 | J83: 53 | K83: WorkHub Core | L83: Kritika Brar | M83: 12 | N83: 1
A84: CUST-0083 | B84: D’Alia-Chhabra | C84: Telecom | D84: 51–200 | E84: Mid-Market | F84: East Africa | G84: 2022-06-20 | H84: Active | I84: 1806.66 | K84: WorkHub Core | L84: Aryan Maharaj | M84: 24 | N84: 0
A85: CUST-0084 | B85: Dugal, Magar and Manda | C85: Media & Entertainment | D85: 5000+ | E85: SMB | F85: East Africa | G85: 2023-10-31 | H85: Churned | I85: 390.94 | J85: 56 | K85: WorkHub Core | L85: Aryan Maharaj | M85: 12 | N85: 1
A86: CUST-0085 | B86: Kade, Oza and Jani | C86: Logistics | D86: 51–200 | E86: Mid-Market | F86: East Africa | G86: 2022-10-23 | H86: Active | I86: 3176.06 | J86: 98 | K86: WorkHub Pro | L86: Ayushman Chander | M86: 24 | N86: 0
A87: CUST-0086 | B87: Lalla, Tiwari and Suresh | C87: Manufacturing | D87: 5000+ | E87: Mid-Market | F87: South Asia | G87: 2024-02-18 | H87: Active | I87: 3967.28 | J87: 13 | K87: WorkHub Pro | L87: Gayathri Chaudry | M87: 12 | N87: 0
A88: CUST-0087 | B88: Behl-Chanda | C88: Manufacturing | D88: 1–50 | E88: SMB | F88: ANZ | G88: 2024-06-05 | H88: At Risk | I88: 265.86 | J88: 94 | K88: WorkHub Core | L88: Kritika Brar | M88: 12 | N88: 1
A89: CUST-0088 | B89: Sampath, Malhotra and Basu | C89: EdTech | D89: 51–200 | E89: Mid-Market | F89: South Asia | G89: 2023-08-07 | H89: Active | I89: 2524.06 | J89: 41 | K89: WorkHub Core | L89: Gayathri Chaudry | M89: 36 | N89: 0
A90: CUST-0089 | B90: Nath and Sons | C90: Telecom | D90: 1–50 | E90: Enterprise | F90: Southeast Asia | G90: 2024-09-12 | H90: Active | I90: 4830 | J90: 35 | K90: WorkHub Enterprise | L90: Viraj Tiwari | M90: 12 | N90: 0
A91: CUST-0090 | B91: Lala, Edwin and Sathe | C91: Manufacturing | D91: 51–200 | E91: Enterprise | F91: ANZ | G91: 2023-05-17 | H91: Churned | I91: 12789.38 | J91: 48 | K91: WorkHub Enterprise | L91: Tripti Yadav | M91: 36 | N91: 1
A92: CUST-0091 | B92: Sane, Andra and Choudhury | C92: Manufacturing | D92: 1001–5000 | E92: Enterprise | F92: ANZ | G92: 2022-12-02 | H92: At Risk | I92: 15860.34 | J92: 11 | K92: WorkHub Pro | L92: Hemangini Lalla | M92: 12 | N92: 1
A93: CUST-0092 | B93: Dixit PLC | C93: Media & Entertainment | D93: 51–200 | E93: Mid-Market | F93: ANZ | G93: 2024-04-24 | H93: Active | I93: 3450.7 | J93: 43 | K93: WorkHub Pro | L93: Chakradev Kari | M93: 24 | N93: 0
A94: CUST-0093 | B94: Pingle PLC | C94: BFSI | D94: 1–50 | E94: SMB | F94: South Asia | G94: 2023-10-04 | H94: Active | I94: 186.97 | J94: 20 | K94: WorkHub Core | L94: Kritika Brar | M94: 12 | N94: 0
A95: CUST-0094 | B95: Divan, Sani and Datta | C95: Retail | D95: 201–1000 | E95: Mid-Market | F95: Southeast Asia | G95: 2024-06-14 | H95: Active | I95: 2894.68 | K95: WorkHub Pro | L95: Udant Dewan | M95: 24 | N95: 0
A96: CUST-0095 | B96: Morar LLC | C96: EdTech | D96: 1001–5000 | E96: Enterprise | F96: South Asia | G96: 22/12/2023 | H96: Active | I96: 5091.14 | J96: 75 | K96: WorkHub Pro | L96: Aryan Maharaj | M96: 12 | N96: 0
A97: CUST-0096 | B97: Parmar and Sons | C97: Healthcare | D97: 1001–5000 | E97: Mid-Market | F97: Southeast Asia | G97: 05/05/2023 | H97: Active | I97: 3138.44 | K97: WorkHub Core | L97: Gayathri Chaudry | M97: 12 | N97: 0
A98: CUST-0097 | B98: Krish, Chauhan and Pandya | C98: Retail | D98: 51–200 | E98: SMB | F98: South Asia | G98: 2026-03-11 | H98: Churned | I98: 214.88 | J98: 44 | K98: WorkHub Core | L98: Kritika Brar | M98: 36 | N98: 1
A99: CUST-0098 | B99: Ray, Dubey and Khalsa | C99: EdTech | D99: 1–50 | E99: Mid-Market | F99: South Asia | G99: 2022-05-24 | H99: Churned | I99: 2028.9 | J99: 54 | K99: WorkHub Pro | L99: Nathaniel Sami | M99: 24 | N99: 1
A100: CUST-0099 | B100: Goel Group | C100: EdTech | D100: 5000+ | E100: SMB | F100: East Africa | G100: 2023-09-07 | H100: Active | I100: 758.9 | J100: 3 | K100: WorkHub Core | L100: Saumya Mall | M100: 36 | N100: 0
...

Sheet  Raw Data 
A1: Deal_ID | B1: Customer_ID | C1: Campaign_ID | D1: Service_Line | E1: Sales_Stage | F1: Deal_Value_USD | G1: Deal_Source | H1: Sales_Rep_Name | I1: Created_Date | J1: Expected_Close_Date | K1: Closed_Date | L1: Days_to_Close | M1: Upsell_Flag | N1: Products_Sold | O1: Discount_Pct | P1: Region
A2: DL-00001 | B2: CUST-1258 | D2: WorkHub Core | E2: Negotiation | F2: 7902 | G2: Paid Search | H2: Nihal Bhasin | I2: 2022-03-15 | J2: 44803 | M2: 0 | N2: 1 | O2: 3.6 | P2: Middle East
A3: DL-00002 | B3: CUST-0652 | D3: WorkHub Core | E3: Proposal | F3: 3000 | G3: LinkedIn Ads | H3: Ati Seshadri | I3: 2023-06-06 | J3: 45144 | M3: 0 | N3: 1 | O3: 12.6 | P3: Southeast Asia
A4: DL-00003 | B4: CUST-0657 | C4: CMP-258 | D4: WorkHub Enterprise | E4: Negotiation | F4: 81996 | G4: Product-Led Signup | H4: Karan Karnik | I4: 2023-02-05 | J4: 45054 | M4: 0 | N4: 1 | P4: ANZ
A5: DL-00004 | B5: CUST-1189 | D5: WorkHub Enterprise | E5: Prospecting | F5: 151127 | G5: Event | H5: rachit lall | I5: 2024-02-06 | J5: 45472 | M5: 0 | N5: 1 | O5: 2.5 | P5: ANZ
A6: DL-00005 | B6: CUST-1278 | C6: CMP-184 | D6: WorkHub Pro | E6: Demo | F6: 19891 | G6: Webinar | H6: Ati Seshadri | I6: 2023-04-23 | J6: 45181 | M6: 0 | N6: 1 | O6: 27.8 | P6: South Asia
A7: DL-00006 | B7: CUST-0818 | D7: WorkHub Enterprise | E7: Proposal | F7: 73353 | G7: LinkedIn Ads | H7: Jairaj Panchal | I7: 2022-11-19 | J7: 44917 | M7: 0 | N7: 1 | O7: 30.3 | P7: Southeast Asia
A8: DL-00007 | B8: CUST-0647 | D8: API Access | E8: Demo | F8: 7000 | G8: Product-Led Signup | H8: Anamika Keer | I8: 2024-04-16 | J8: 45488 | M8: 0 | N8: 1 | P8: Middle East
A9: DL-00008 | B9: CUST-0056 | D9: API Access | E9: Demo | F9: 4000 | G9: Webinar | H9: Karan Karnik | I9: 24/03/2022 | J9: 44716 | M9: 0 | N9: 1 | O9: 5.5 | P9: Southeast Asia
A10: DL-00009 | B10: CUST-0355 | C10: CMP-054 | D10: WorkHub Core | E10: Demo | F10: 8506 | G10: Partner Referral | H10: Shivani Natt | I10: 2022-11-11 | J10: 45028 | M10: 0 | N10: 1 | O10: 14.1 | P10: South Asia
A11: DL-00010 | B11: CUST-0537 | C11: CMP-327 | D11: API Access | E11: Proposal | F11: 4469 | G11: Product-Led Signup | H11: Mason Solanki | I11: 2022-01-02 | J11: 44723 | M11: 0 | N11: 1 | O11: 32 | P11: Southeast Asia
A12: DL-00011 | B12: CUST-1067 | C12: CMP-224 | D12: WorkHub Enterprise | E12: Closed Won | F12: 178212 | G12: Product-Led Signup | H12: Owen Mane | I12: 29/09/2023 | J12: 45324 | K12: 45273 | L12: 75 | M12: 1 | N12: 2 | O12: 3.9 | P12: Southeast Asia
A13: DL-00012 | B13: CUST-0375 | D13: WorkHub Core | E13: Demo | F13: 3564 | G13: Paid Search | H13: Amruta Sinha | I13: 2022-08-19 | J13: 44937 | M13: 0 | N13: 1 | O13: 19.9 | P13: East Africa
A14: DL-00013 | B14: CUST-0833 | C14: CMP-378 | D14: API Access | E14: Negotiation | F14: 5862 | G14: Partner Referral | H14: Hemangini Bahri | I14: 2023-02-12 | J14: 44998 | M14: 0 | N14: 1 | O14: 15.1 | P14: Southeast Asia
A15: DL-00014 | B15: CUST-0128 | C15: CMP-121 | D15: WorkHub Core | E15: Demo | F15: 1000 | G15: Webinar | H15: Ati Seshadri | I15: 2022-07-17 | J15: 44857 | M15: 0 | N15: 1 | O15: 9.5 | P15: South Asia
A16: DL-00015 | B16: CUST-1133 | C16: CMP-091 | D16: WorkHub Pro | E16: Closed Lost | F16: 24887 | G16: LinkedIn Ads | H16: Ekta Uppal | I16: 2024-07-12 | J16: 45541 | K16: 45616 | L16: 131 | M16: 0 | N16: 1 | O16: 32.7 | P16: Southeast Asia
A17: DL-00016 | B17: CUST-1028 | C17: CMP-127 | D17: API Access | E17: Closed Lost | F17: 10459 | G17: Webinar | H17: Karan Karnik | I17: 2024-11-01 | J17: 45773 | K17: 45720 | L17: 123 | M17: 0 | N17: 1 | O17: 6.2 | P17: Middle East
A18: DL-00017 | B18: CUST-0223 | C18: CMP-378 | D18: WorkHub Core | E18: Closed Lost | F18: 7222 | G18: Webinar | H18: Kashish Patla | I18: 2023-04-08 | J18: 45177 | K18: 45101 | L18: 77 | M18: 0 | N18: 1 | O18: 12.2 | P18: South Asia
A19: DL-00018 | B19: CUST-0667 | C19: CMP-335 | D19: WorkHub Core | E19: Demo | F19: 8134 | G19: Event | H19: Aachal Soni | I19: 2024-01-29 | J19: 45497 | M19: 0 | N19: 1 | P19: Southeast Asia
A20: DL-00019 | B20: CUST-1273 | C20: CMP-339 | D20: WorkHub Pro | E20: Proposal | F20: 46846 | G20: Event | H20: Champak Rao | I20: 2023-12-23 | J20: 45434 | M20: 0 | N20: 1 | O20: 18.9 | P20: South Asia
A21: DL-00020 | B21: CUST-1499 | C21: CMP-140 | D21: WorkHub Pro | E21: Closed Won | F21: 33087 | G21: Product-Led Signup | H21: Krish Varughese | I21: 2022-12-16 | J21: 44950 | K21: 45045 | L21: 134 | M21: 1 | N21: 2 | O21: 12 | P21: South Asia
A22: DL-00021 | B22: CUST-1485 | C22: CMP-012 | D22: WorkHub Enterprise | E22: Closed Lost | F22: 119072 | G22: Inbound Organic | H22: Nihal Bhasin | I22: 2024-04-23 | J22: 45497 | K22: 45537 | L22: 132 | M22: 0 | N22: 1 | O22: 20.1 | P22: East Africa
A23: DL-00022 | B23: CUST-0937 | D23: WorkHub Enterprise | E23: Negotiation | F23: 116146 | G23: Event | H23: Lakshmi Hayre | I23: 2023-08-06 | J23: 45289 | M23: 0 | N23: 1 | O23: 21.3 | P23: ANZ
A24: DL-00023 | B24: CUST-0939 | D24: API Access | E24: Closed Lost | F24: 23944 | G24: Cold Outreach | H24: Karan Karnik | I24: 2022-08-07 | J24: 44944 | K24: 44867 | L24: 87 | M24: 0 | N24: 1 | P24: East Africa
A25: DL-00024 | B25: CUST-0021 | C25: CMP-130 | D25: WorkHub Enterprise | E25: Closed Lost | F25: 115000 | G25: Paid Search | H25: Amruta Sinha | I25: 2024-03-23 | K25: 45533 | L25: 159 | M25: 0 | N25: 1 | O25: 6.3 | P25: South Asia
A26: DL-00025 | B26: CUST-0002 | C26: CMP-055 | D26: API Access | E26: Closed Lost | F26: 17202 | G26: Content Download | H26: Karan Karnik | I26: 2023-09-17 | J26: 45261 | K26: 45327 | L26: 141 | M26: 0 | N26: 1 | O26: 9.2 | P26: ANZ
A27: DL-00026 | B27: CUST-0485 | C27: CMP-399 | D27: WorkHub Core | E27: Qualification | F27: 1586 | G27: Event | H27: krish varughese | I27: 12/03/2023 | J27: 45111 | M27: 0 | N27: 1 | O27: 14.1 | P27: Southeast Asia
A28: DL-00027 | B28: CUST-0733 | D28: Analytics Add-on | E28: Demo | F28: 8000 | G28: Content Download | H28: Lakshmi Hayre | I28: 2023-08-26 | J28: 45307 | M28: 0 | N28: 1 | O28: 32 | P28: ANZ
A29: DL-00028 | B29: CUST-1317 | D29: WorkHub Core | E29: Prospecting | F29: 8919 | G29: Webinar | H29: Champak Rao | I29: 2023-07-10 | J29: 45196 | M29: 0 | N29: 1 | P29: Middle East
A30: DL-00029 | B30: CUST-1145 | C30: CMP-218 | D30: Analytics Add-on | E30: Closed Won | F30: 11849 | G30: Cold Outreach | H30: ati seshadri | I30: 2022-10-18 | J30: 44949 | K30: 45028 | L30: 176 | M30: 0 | N30: 1 | O30: 30.5 | P30: Southeast Asia
A31: DL-00030 | B31: CUST-0371 | C31: CMP-351 | D31: WorkHub Core | E31: Negotiation | F31: 7862 | G31: Cold Outreach | H31: Anamika Keer | I31: 2024-06-19 | J31: 45555 | M31: 0 | N31: 1 | O31: 13.6 | P31: Middle East
A32: DL-00031 | B32: CUST-1231 | D32: Analytics Add-on | E32: Demo | F32: 14033 | G32: Paid Search | H32: Anamika Keer | I32: 2022-06-17 | J32: 44833 | M32: 0 | N32: 1 | O32: 5.8 | P32: Southeast Asia
A33: DL-00032 | B33: CUST-1349 | C33: CMP-285 | D33: WorkHub Pro | E33: Closed Lost | F33: 28595 | G33: Paid Search | H33: Aachal Soni | I33: 2024-08-06 | J33: 45594 | K33: 45669 | L33: 159 | M33: 0 | N33: 1 | O33: 25.6 | P33: Middle East
A34: DL-00033 | B34: CUST-0351 | D34: WorkHub Pro | E34: Negotiation | F34: 13494 | G34: Partner Referral | H34: Ati Seshadri | I34: 2023-10-03 | J34: 45345 | M34: 0 | N34: 1 | P34: South Asia
A35: DL-00034 | B35: CUST-1305 | C35: CMP-375 | D35: WorkHub Core | E35: Demo | F35: 6564 | G35: Paid Search | H35: Lakshmi Hayre | I35: 2024-01-20 | J35: 45362 | M35: 0 | N35: 1 | O35: 30.6 | P35: ANZ
A36: DL-00035 | B36: CUST-1190 | C36: CMP-036 | D36: WorkHub Enterprise | E36: Closed Won | F36: 104006 | G36: Event | H36: Karan Karnik | I36: 2022-03-17 | K36: 44706 | L36: 69 | M36: 1 | N36: 2 | O36: 14.7 | P36: Southeast Asia
A37: DL-00036 | B37: CUST-1068 | C37: CMP-095 | D37: API Access | E37: Closed Lost | F37: 10794 | G37: Product-Led Signup | H37: Amruta Sinha | I37: 2022-05-20 | J37: 44855 | K37: 44723 | L37: 22 | M37: 0 | N37: 1 | O37: 10 | P37: South Asia
A38: DL-00037 | B38: CUST-0251 | D38: Analytics Add-on | E38: Closed Won | F38: 8191 | G38: Product-Led Signup | H38: Patrick Sama | I38: 2023-04-09 | J38: 45171 | K38: 45176 | L38: 151 | M38: 0 | N38: 1 | O38: 3.8 | P38: Middle East
A39: DL-00038 | B39: CUST-1017 | D39: WorkHub Core | E39: Closed Won | F39: 9490 | G39: Event | H39: Vidhi Mital | I39: 14/05/2022 | J39: 44811 | K39: 44869 | L39: 174 | M39: 0 | N39: 1 | O39: 31.1 | P39: Middle East
A40: DL-00039 | B40: CUST-1204 | C40: CMP-049 | D40: API Access | E40: Negotiation | F40: 8249 | G40: Inbound Organic | H40: Amruta Sinha | I40: 2024-09-09 | J40: 45618 | M40: 0 | N40: 1 | O40: 23.9 | P40: East Africa
A41: DL-00040 | B41: CUST-1359 | C41: CMP-288 | D41: API Access | E41: Demo | F41: 19440 | G41: Partner Referral | H41: Ati Seshadri | I41: 2024-11-19 | J41: 45787 | M41: 0 | N41: 1 | O41: 20.4 | P41: Middle East
A42: DL-00041 | B42: CUST-1005 | C42: CMP-340 | D42: WorkHub Enterprise | E42: Negotiation | F42: 78097 | G42: Cold Outreach | H42: Shivani Natt | I42: 2022-04-16 | J42: 44831 | M42: 0 | N42: 1 | O42: 18.9 | P42: South Asia
A43: DL-00042 | B43: CUST-0613 | C43: CMP-106 | D43: API Access | E43: Proposal | F43: 9704 | G43: Event | H43: Jasmit Gour | I43: 2024-12-19 | J43: 45744 | M43: 0 | N43: 1 | O43: 27.6 | P43: Southeast Asia
A44: DL-00043 | B44: CUST-0802 | D44: API Access | E44: Prospecting | F44: 20918 | G44: LinkedIn Ads | H44: Karan Karnik | I44: 2024-06-08 | J44: 45486 | M44: 0 | N44: 1 | O44: 21.3 | P44: Middle East
A45: DL-00044 | B45: CUST-0047 | C45: CMP-046 | D45: API Access | E45: Negotiation | F45: 15030 | G45: LinkedIn Ads | H45: Panini Kade | I45: 2022-10-30 | J45: 44987 | M45: 0 | N45: 1 | O45: 7.7 | P45: Middle East
A46: DL-00045 | B46: CUST-1103 | C46: CMP-294 | D46: WorkHub Core | E46: Closed Won | F46: 1367 | G46: Event | H46: Rachit Lall | I46: 2024-03-19 | J46: 45416 | K46: 45539 | L46: 169 | M46: 1 | N46: 2 | O46: 33.5 | P46: Middle East
A47: DL-00046 | B47: CUST-0646 | D47: WorkHub Enterprise | E47: Qualification | F47: 181996 | G47: Product-Led Signup | H47: Amruta Sinha | I47: 2024-12-31 | M47: 0 | N47: 1 | O47: 11.5 | P47: ANZ
A48: DL-00047 | B48: CUST-0143 | C48: CMP-124 | D48: WorkHub Enterprise | E48: Closed Lost | F48: 61249 | G48: Content Download | H48: Aachal Soni | I48: 2024-06-19 | J48: 45607 | K48: 45584 | L48: 122 | M48: 0 | N48: 1 | O48: 19.9 | P48: South Asia
A49: DL-00048 | B49: CUST-1284 | C49: CMP-096 | D49: WorkHub Enterprise | E49: Proposal | F49: 62439 | G49: Product-Led Signup | H49: Jasmit Gour | I49: 2023-05-20 | J49: 45179 | M49: 0 | N49: 1 | O49: 8.4 | P49: South Asia
A50: DL-00049 | B50: CUST-0595 | C50: CMP-194 | D50: WorkHub Pro | E50: Demo | F50: 16578 | G50: Inbound Organic | H50: Ekta Uppal | I50: 2024-09-22 | J50: 45612 | M50: 0 | N50: 1 | O50: 14.8 | P50: Middle East
A51: DL-00050 | B51: CUST-0605 | C51: CMP-172 | D51: WorkHub Pro | E51: Proposal | F51: 10943 | G51: Product-Led Signup | H51: Lakshmi Hayre | I51: 2022-06-06 | J51: 44851 | M51: 0 | N51: 1 | O51: 11.3 | P51: Middle East
A52: DL-00051 | B52: CUST-0544 | C52: CMP-261 | D52: WorkHub Core | E52: Closed Lost | F52: 9433 | G52: Paid Search | H52: Amruta Sinha | I52: 2024-10-01 | J52: 45617 | K52: 45639 | L52: 73 | M52: 0 | N52: 1 | O52: 14.8 | P52: Middle East
A53: DL-00052 | B53: CUST-1386 | C53: CMP-338 | D53: WorkHub Enterprise | E53: Proposal | F53: 145000 | G53: Content Download | H53: Hemangini Bahri | I53: 2022-02-14 | J53: 44632 | M53: 0 | N53: 1 | O53: 14.1 | P53: South Asia
A54: DL-00053 | B54: CUST-0355 | D54: API Access | E54: Proposal | F54: 5882 | G54: Partner Referral | H54: Jairaj Panchal | I54: 2023-12-20 | J54: 45379 | M54: 0 | N54: 1 | O54: 31.2 | P54: Middle East
A55: DL-00054 | B55: CUST-0044 | C55: CMP-260 | D55: Analytics Add-on | E55: Closed Won | F55: 11707 | G55: Content Download | H55: Panini Kade | I55: 2023-07-09 | J55: 45139 | K55: 45189 | L55: 73 | M55: 0 | N55: 1 | O55: 26.6 | P55: East Africa
A56: DL-00055 | B56: CUST-1336 | D56: WorkHub Enterprise | E56: Closed Lost | F56: 187339 | G56: Webinar | H56: Anamika Keer | I56: 2022-01-29 | J56: 44607 | K56: 44769 | L56: 179 | M56: 0 | N56: 1 | O56: 32 | P56: ANZ
A57: DL-00056 | B57: CUST-0382 | C57: CMP-183 | D57: API Access | E57: Qualification | F57: 4983 | G57: LinkedIn Ads | H57: Krish Varughese | I57: 21/06/2023 | J57: 45172 | M57: 0 | N57: 1 | O57: 21.4 | P57: Southeast Asia
A58: DL-00057 | B58: CUST-0573 | C58: CMP-248 | D58: WorkHub Core | E58: Prospecting | F58: 3474 | G58: Event | H58: Hemangini Bahri | I58: 23/11/2022 | J58: 44964 | M58: 0 | N58: 1 | P58: Middle East
A59: DL-00058 | B59: CUST-1300 | C59: CMP-091 | D59: WorkHub Pro | E59: Qualification | F59: 15399 | G59: Partner Referral | H59: jalsa parsa | I59: 2024-08-30 | J59: 45614 | M59: 0 | N59: 1 | O59: 20.1 | P59: ANZ
A60: DL-00059 | B60: CUST-0296 | D60: WorkHub Pro | E60: Demo | F60: 41412 | G60: Partner Referral | H60: Owen Mane | I60: 28/12/2024 | J60: 45718 | M60: 0 | N60: 1 | P60: ANZ
A61: DL-00060 | B61: CUST-1119 | C61: CMP-210 | D61: Analytics Add-on | E61: Proposal | F61: 11753 | G61: LinkedIn Ads | H61: Amruta Sinha | I61: 18/11/2023 | J61: 45369 | M61: 0 | N61: 1 | O61: 2.5 | P61: East Africa
A62: DL-00061 | B62: CUST-0695 | C62: CMP-316 | D62: Analytics Add-on | E62: Proposal | F62: 5321 | G62: Cold Outreach | H62: RACHIT LALL | I62: 2024-10-10 | J62: 45734 | M62: 0 | N62: 1 | O62: 0.9 | P62: Southeast Asia
A63: DL-00062 | B63: CUST-0071 | C63: CMP-130 | D63: Analytics Add-on | E63: Qualification | F63: 8071 | G63: Paid Search | H63: Panini Kade | I63: 2024-11-09 | J63: 45719 | M63: 0 | N63: 1 | P63: Middle East
A64: DL-00063 | B64: CUST-0230 | C64: CMP-389 | D64: Analytics Add-on | E64: Prospecting | F64: 7857 | G64: LinkedIn Ads | H64: Jalsa Parsa | I64: 2022-01-13 | J64: 44693 | M64: 0 | N64: 1 | O64: 34.2 | P64: Southeast Asia
A65: DL-00064 | B65: CUST-0296 | C65: CMP-243 | D65: WorkHub Core | E65: Negotiation | F65: 2392 | G65: Inbound Organic | H65: Kashish Patla | I65: 2022-06-18 | J65: 44749 | M65: 0 | N65: 1 | O65: 10.7 | P65: ANZ
A66: DL-00065 | B66: CUST-0427 | D66: WorkHub Pro | E66: Proposal | F66: 35000 | G66: Cold Outreach | H66: Patrick Sama | I66: 2022-06-11 | J66: 44814 | M66: 0 | N66: 1 | O66: 0.8 | P66: Middle East
A67: DL-00066 | B67: CUST-0736 | D67: API Access | E67: Proposal | F67: 5768 | G67: Paid Search | H67: VIDHI MITAL | I67: 2022-08-05 | J67: 44874 | M67: 0 | N67: 1 | O67: 18.8 | P67: ANZ
A68: DL-00067 | B68: CUST-0829 | D68: WorkHub Enterprise | E68: Closed Won | F68: 161310 | G68: Content Download | H68: Champak Rao | I68: 2024-11-18 | J68: 45747 | K68: 45649 | L68: 35 | M68: 0 | N68: 1 | O68: 17.5 | P68: East Africa
A69: DL-00068 | B69: CUST-0898 | C69: CMP-372 | D69: API Access | E69: Closed Lost | F69: 16000 | G69: Paid Search | H69: HEMANGINI BAHRI | I69: 2023-08-21 | J69: 45195 | K69: 45190 | L69: 31 | M69: 0 | N69: 1 | O69: 1.8 | P69: Southeast Asia
A70: DL-00069 | B70: CUST-1496 | D70: WorkHub Pro | E70: Closed Won | F70: 45871 | G70: Cold Outreach | H70: Anamika Keer | I70: 2024-07-08 | J70: 45536 | K70: 45647 | L70: 166 | M70: 0 | N70: 1 | O70: 14.4 | P70: South Asia
A71: DL-00070 | B71: CUST-0341 | C71: CMP-366 | D71: WorkHub Pro | E71: Closed Won | F71: 9657 | G71: Event | H71: Ekta Uppal | I71: 2023-11-05 | K71: 45260 | L71: 25 | M71: 1 | N71: 4 | O71: 8.7 | P71: ANZ
A72: DL-00071 | B72: CUST-0228 | C72: CMP-197 | D72: API Access | E72: Prospecting | F72: 8743 | G72: Content Download | H72: Shivani Natt | I72: 2022-09-06 | M72: 0 | N72: 1 | O72: 33.4 | P72: Southeast Asia
A73: DL-00072 | B73: CUST-0285 | C73: CMP-279 | D73: Analytics Add-on | E73: Qualification | F73: 11000 | G73: Event | H73: Hemangini Bahri | I73: 2024-07-30 | M73: 0 | N73: 1 | O73: 27.8 | P73: South Asia
A74: DL-00073 | B74: CUST-1122 | D74: Analytics Add-on | E74: Proposal | F74: 5728 | G74: Partner Referral | H74: vidhi mital | I74: 2024-11-20 | J74: 45742 | M74: 0 | N74: 1 | O74: 3.4 | P74: South Asia
A75: DL-00074 | B75: CUST-0175 | D75: WorkHub Enterprise | E75: Prospecting | F75: 73214 | G75: Content Download | H75: Owen Mane | I75: 2023-09-25 | J75: 45371 | M75: 0 | N75: 1 | P75: Southeast Asia
A76: DL-00075 | B76: CUST-0842 | C76: CMP-137 | D76: WorkHub Core | E76: Proposal | F76: 8451 | G76: Product-Led Signup | H76: Hemangini Bahri | I76: 2023-07-14 | J76: 45173 | M76: 0 | N76: 1 | O76: 3.3 | P76: South Asia
A77: DL-00076 | B77: CUST-1447 | D77: API Access | E77: Closed Lost | F77: 23350 | G77: Content Download | H77: Kashish Patla | I77: 2023-08-15 | J77: 45268 | K77: 45308 | L77: 155 | M77: 0 | N77: 1 | O77: 12.1 | P77: Middle East
A78: DL-00077 | B78: CUST-0958 | C78: CMP-072 | D78: WorkHub Pro | E78: Closed Won | F78: 22827 | G78: Cold Outreach | H78: Owen Mane | I78: 2023-04-01 | J78: 45034 | K78: 45077 | L78: 60 | M78: 0 | N78: 1 | O78: 34.7 | P78: Middle East
A79: DL-00078 | B79: CUST-0238 | D79: Analytics Add-on | E79: Closed Lost | F79: 3773 | G79: LinkedIn Ads | H79: Owen Mane | I79: 2024-03-25 | J79: 45509 | K79: 45452 | L79: 76 | M79: 0 | N79: 1 | O79: 1.9 | P79: Southeast Asia
A80: DL-00079 | B80: CUST-1070 | C80: CMP-336 | D80: WorkHub Pro | E80: Proposal | F80: 31403 | G80: Inbound Organic | H80: Jasmit Gour | I80: 2022-09-18 | J80: 44997 | M80: 0 | N80: 1 | O80: 12.3 | P80: East Africa
A81: DL-00080 | B81: CUST-0024 | C81: CMP-325 | D81: Analytics Add-on | E81: Closed Won | F81: 6144 | G81: Product-Led Signup | H81: Patrick Sama | I81: 2023-06-14 | J81: 45184 | K81: 45147 | L81: 56 | M81: 0 | N81: 1 | O81: 14.7 | P81: South Asia
A82: DL-00081 | B82: CUST-0181 | C82: CMP-210 | D82: WorkHub Enterprise | E82: Qualification | F82: 130625 | G82: Cold Outreach | H82: Aachal Soni | I82: 2023-09-26 | J82: 45270 | M82: 0 | N82: 1 | P82: Southeast Asia
A83: DL-00082 | B83: CUST-0208 | C83: CMP-142 | D83: WorkHub Pro | E83: Closed Won | F83: 42136 | G83: LinkedIn Ads | H83: vidhi mital | I83: 2024-03-13 | J83: 45478 | K83: 45562 | L83: 198 | M83: 0 | N83: 1 | O83: 33.3 | P83: East Africa
A84: DL-00083 | B84: CUST-0838 | C84: CMP-262 | D84: API Access | E84: Proposal | F84: 15000 | G84: Partner Referral | H84: Jairaj Panchal | I84: 2022-11-23 | M84: 0 | N84: 1 | O84: 14.4 | P84: East Africa
A85: DL-00084 | B85: CUST-0618 | C85: CMP-327 | D85: WorkHub Pro | E85: Qualification | F85: 43342 | G85: Cold Outreach | H85: Lakshmi Hayre | I85: 2024-05-08 | J85: 45575 | M85: 0 | N85: 1 | P85: Middle East
A86: DL-00085 | B86: CUST-0730 | C86: CMP-101 | D86: WorkHub Pro | E86: Demo | F86: 34284 | G86: LinkedIn Ads | H86: Rachit Lall | I86: 2023-08-03 | J86: 45187 | M86: 0 | N86: 1 | O86: 24.9 | P86: South Asia
A87: DL-00086 | B87: CUST-0950 | C87: CMP-215 | D87: WorkHub Pro | E87: Prospecting | F87: 28817 | G87: Product-Led Signup | H87: Anamika Keer | I87: 2023-08-12 | J87: 45210 | M87: 0 | N87: 1 | O87: 18.5 | P87: ANZ
A88: DL-00087 | B88: CUST-0038 | C88: CMP-160 | D88: WorkHub Enterprise | E88: Closed Won | F88: 80940 | G88: Paid Search | H88: Amruta Sinha | I88: 2023-09-29 | J88: 45234 | K88: 45265 | L88: 67 | M88: 1 | N88: 1 | O88: 4.1 | P88: East Africa
A89: DL-00088 | B89: CUST-0491 | C89: CMP-319 | D89: Analytics Add-on | E89: Qualification | F89: 4832 | G89: Content Download | H89: VIDHI MITAL | I89: 30/04/2022 | J89: 44747 | M89: 0 | N89: 1 | O89: 15.6 | P89: South Asia
A90: DL-00089 | B90: CUST-0566 | C90: CMP-024 | D90: WorkHub Core | E90: Closed Lost | F90: 7502 | G90: Webinar | H90: Mason Solanki | I90: 2022-08-08 | J90: 44821 | K90: 44920 | L90: 139 | M90: 0 | N90: 1 | O90: 26.7 | P90: South Asia
A91: DL-00090 | B91: CUST-0795 | C91: CMP-005 | D91: WorkHub Pro | E91: Closed Won | F91: 20000 | G91: Cold Outreach | H91: Ekta Uppal | I91: 2024-11-05 | J91: 45688 | K91: 45783 | L91: 182 | M91: 0 | N91: 1 | O91: 18.3 | P91: South Asia
A92: DL-00091 | B92: CUST-0897 | C92: CMP-240 | D92: WorkHub Enterprise | E92: Qualification | F92: 141762 | G92: Content Download | H92: ati seshadri | I92: 2022-12-07 | J92: 45030 | M92: 0 | N92: 1 | O92: 0.1 | P92: South Asia
A93: DL-00092 | B93: CUST-0959 | C93: CMP-302 | D93: WorkHub Core | E93: Closed Lost | F93: 2000 | G93: Paid Search | H93: CHAMPAK RAO | I93: 2024-11-14 | J93: 45664 | K93: 45681 | L93: 71 | M93: 0 | N93: 1 | O93: 23.7 | P93: ANZ
A94: DL-00093 | B94: CUST-1005 | C94: CMP-371 | D94: WorkHub Core | E94: Proposal | F94: 5901 | G94: Event | H94: patrick sama | I94: 2024-05-08 | J94: 45436 | M94: 0 | N94: 1 | P94: Middle East
A95: DL-00094 | B95: CUST-0954 | C95: CMP-020 | D95: API Access | E95: Prospecting | F95: 7951 | G95: LinkedIn Ads | H95: Owen Mane | I95: 2022-10-04 | J95: 44900 | M95: 0 | N95: 1 | O95: 28.8 | P95: ANZ
A96: DL-00095 | B96: CUST-0784 | C96: CMP-187 | D96: API Access | E96: Demo | F96: 17518 | G96: Event | H96: Lakshmi Hayre | I96: 25/06/2024 | J96: 45594 | M96: 0 | N96: 1 | O96: 4.1 | P96: Southeast Asia
A97: DL-00096 | B97: CUST-0113 | C97: CMP-318 | D97: WorkHub Core | E97: Closed Won | F97: 3028 | G97: Partner Referral | H97: kashish patla | I97: 2022-01-20 | J97: 44729 | K97: 44641 | L97: 60 | M97: 1 | N97: 2 | O97: 24.6 | P97: Southeast Asia
A98: DL-00097 | B98: CUST-0591 | C98: CMP-037 | D98: API Access | E98: Closed Won | F98: 19000 | G98: Content Download | H98: jasmit gour | I98: 2022-08-08 | J98: 44815 | K98: 44881 | L98: 100 | M98: 0 | N98: 1 | P98: Middle East
A99: DL-00098 | B99: CUST-1463 | C99: CMP-142 | D99: API Access | E99: Closed Lost | F99: 8347 | G99: Partner Referral | H99: Vidhi Mital | I99: 2023-11-07 | K99: 45261 | L99: 24 | M99: 0 | N99: 1 | O99: 28.7 | P99: ANZ
A100: DL-00099 | B100: CUST-0319 | C100: CMP-120 | D100: Analytics Add-on | E100: Proposal | F100: 4041 | G100: Product-Led Signup | H100: Panini Kade | I100: 2022-08-16 | J100: 44918 | M100: 0 | N100: 1 | P100: East Africa
...

Sheet Cleaned Data
A1: Deal_ID | B1: Customer_ID | C1: Campaign_ID | D1: Service_Line | E1: Sales_Stage | F1: Deal_Value_USD | G1: Deal_Value_USD Clean | H1: Deal_Source | I1: Sales_Rep_Name | J1: Sales_Rep_Name_Clean | K1: Created_Date | L1: Created_Date_Clean | M1: Expected_Close_Date | N1: Expected_Close_Date_Clean | O1: Closed_Date | P1: Closed_Date_Clean | Q1: Days_to_Close | R1: Upsell_Flag | S1: Products_Sold | T1: Discount_Pct | U1: Region | V1: Deal_Value_USD_Normalized | W1: Deal_Status | X1: Customer_Tier | Y1: Closed_Deal_Flag | Z1: Days_Late | AA1: Missed_30_Days
A2: DL-00001 | B2: CUST-1258 | D2: WorkHub Core | E2: Negotiation | F2: 7902 | G2: =IF(F2="","",IF(RIGHT(UPPER(SUBSTITUTE(SUBSTITUTE(SUBSTITUTE(TRIM(F2),"$",""),",","")," ","")),1)="K",VALUE(LEFT(UPPER(SUBSTITUTE(SUBSTITUTE(SUBSTITUTE(TRIM(F2),"$",""),",","")," ","")),LEN(UPPER(SUBSTITUTE(SUBSTITUTE(SUBSTITUTE(TRIM(F2),"$",""),",","")," ","")))-1))*1000,IF(RIGHT(UPPER(SUBSTITUTE(SUBSTITUTE(SUBSTITUTE(TRIM(F2),"$",""),",","")," ","")),1)="M",VALUE(LEFT(UPPER(SUBSTITUTE(SUBSTITUTE(SUBSTITUTE(TRIM(F2),"$",""),",","")," ","")),LEN(UPPER(SUBSTITUTE(SUBSTITUTE(SUBSTITUTE(TRIM(F2),"$",""),",","")," ","")))-1))*1000000,VALUE(SUBSTITUTE(SUBSTITUTE(SUBSTITUTE(TRIM(F2),"$",""),",","")," ",""))))) -> 7902 | H2: Paid Search | I2: Nihal Bhasin | J2: =PROPER(TRIM(I2)) -> Nihal Bhasin | K2: 2022-03-15 | L2: =IF(K2="","",IF(ISNUMBER(K2),K2,IF(ISNUMBER(SEARCH("/",K2)),DATE(VALUE(RIGHT(K2,4)),VALUE(MID(K2,4,2)),VALUE(LEFT(K2,2))),DATE(VALUE(LEFT(K2,4)),VALUE(MID(K2,6,2)),VALUE(RIGHT(K2,2)))))) -> 44635 | M2: 44803 | N2: =IF(M2="","",IF(ISNUMBER(M2),M2,IF(ISNUMBER(SEARCH("/",M2)),DATE(VALUE(RIGHT(M2,4)),VALUE(MID(M2,4,2)),VALUE(LEFT(M2,2))),DATE(VALUE(LEFT(M2,4)),VALUE(MID(M2,6,2)),VALUE(RIGHT(M2,2)))))) -> 44803 | P2: =IF(O2="","",IF(ISNUMBER(O2),O2,DATE(VALUE(LEFT(O2,4)),VALUE(MID(O2,6,2)),VALUE(RIGHT(O2,2))))) | R2: 0 | S2: 1 | T2: 3.6 | U2: Middle East | V2: 7902 | W2: =IF(E2="","",IF(E2="Closed Won","Won",IF(E2="Closed Lost","Lost","Open"))) -> Open | X2: =_xlfn.XLOOKUP(B2,'Customers'!A:A,'Customers'!E:E,"") -> SMB | Y2: =IF(OR(W2="Won",W2="Lost"),1,0) -> 0 | Z2: =IF(OR(N2="",P2=""),"",P2-N2) | AA2: =IF(AND(Y2=1,Z2>30),1,0) -> 0
A3: DL-00002 | B3: CUST-0652 | D3: WorkHub Core | E3: Proposal | F3: 3K | G3: =IF(F3="","",IF(RIGHT(UPPER(SUBSTITUTE(SUBSTITUTE(SUBSTITUTE(TRIM(F3),"$",""),",","")," ","")),1)="K",VALUE(LEFT(UPPER(SUBSTITUTE(SUBSTITUTE(SUBSTITUTE(TRIM(F3),"$",""),",","")," ","")),LEN(UPPER(SUBSTITUTE(SUBSTITUTE(SUBSTITUTE(TRIM(F3),"$",""),",","")," ","")))-1))*1000,IF(RIGHT(UPPER(SUBSTITUTE(SUBSTITUTE(SUBSTITUTE(TRIM(F3),"$",""),",","")," ","")),1)="M",VALUE(LEFT(UPPER(SUBSTITUTE(SUBSTITUTE(SUBSTITUTE(TRIM(F3),"$",""),",","")," ","")),LEN(UPPER(SUBSTITUTE(SUBSTITUTE(SUBSTITUTE(TRIM(F3),"$",""),",","")," ","")))-1))*1000000,VALUE(SUBSTITUTE(SUBSTITUTE(SUBSTITUTE(TRIM(F3),"$",""),",","")," ",""))))) -> 3000 | H3: LinkedIn Ads | I3: Ati Seshadri | J3: =PROPER(TRIM(I3)) -> Ati Seshadri | K3: 2023-06-06 | L3: =IF(K3="","",IF(ISNUMBER(K3),K3,IF(ISNUMBER(SEARCH("/",K3)),DATE(VALUE(RIGHT(K3,4)),VALUE(MID(K3,4,2)),VALUE(LEFT(K3,2))),DATE(VALUE(LEFT(K3,4)),VALUE(MID(K3,6,2)),VALUE(RIGHT(K3,2)))))) -> 45083 | M3: 45144 | N3: =IF(M3="","",IF(ISNUMBER(M3),M3,IF(ISNUMBER(SEARCH("/",M3)),DATE(VALUE(RIGHT(M3,4)),VALUE(MID(M3,4,2)),VALUE(LEFT(M3,2))),DATE(VALUE(LEFT(M3,4)),VALUE(MID(M3,6,2)),VALUE(RIGHT(M3,2)))))) -> 45144 | P3: =IF(O3="","",IF(ISNUMBER(O3),O3,DATE(VALUE(LEFT(O3,4)),VALUE(MID(O3,6,2)),VALUE(RIGHT(O3,2))))) | R3: 0 | S3: 1 | T3: 12.6 | U3: Southeast Asia | V3: 3000 | W3: =IF(E3="","",IF(E3="Closed Won","Won",IF(E3="Closed Lost","Lost","Open"))) -> Open | X3: =_xlfn.XLOOKUP(B3,'Customers'!A:A,'Customers'!E:E,"") -> Enterprise | Y3: =IF(OR(W3="Won",W3="Lost"),1,0) -> 0 | Z3: =IF(OR(N3="",P3=""),"",P3-N3) | AA3: =IF(AND(Y3=1,Z3>30),1,0) -> 0
A4: DL-00003 | B4: CUST-0657 | C4: CMP-258 | D4: WorkHub Enterprise | E4: Negotiation | F4: $81,996 | G4: =IF(F4="","",IF(RIGHT(UPPER(SUBSTITUTE(SUBSTITUTE(SUBSTITUTE(TRIM(F4),"$",""),",","")," ","")),1)="K",VALUE(LEFT(UPPER(SUBSTITUTE(SUBSTITUTE(SUBSTITUTE(TRIM(F4),"$",""),",","")," ","")),LEN(UPPER(SUBSTITUTE(SUBSTITUTE(SUBSTITUTE(TRIM(F4),"$",""),",","")," ","")))-1))*1000,IF(RIGHT(UPPER(SUBSTITUTE(SUBSTITUTE(SUBSTITUTE(TRIM(F4),"$",""),",","")," ","")),1)="M",VALUE(LEFT(UPPER(SUBSTITUTE(SUBSTITUTE(SUBSTITUTE(TRIM(F4),"$",""),",","")," ","")),LEN(UPPER(SUBSTITUTE(SUBSTITUTE(SUBSTITUTE(TRIM(F4),"$",""),",","")," ","")))-1))*1000000,VALUE(SUBSTITUTE(SUBSTITUTE(SUBSTITUTE(TRIM(F4),"$",""),",","")," ",""))))) -> 81996 | H4: Product-Led Signup | I4: Karan Karnik | J4: =PROPER(TRIM(I4)) -> Karan Karnik | K4: 2023-02-05 | L4: =IF(K4="","",IF(ISNUMBER(K4),K4,IF(ISNUMBER(SEARCH("/",K4)),DATE(VALUE(RIGHT(K4,4)),VALUE(MID(K4,4,2)),VALUE(LEFT(K4,2))),DATE(VALUE(LEFT(K4,4)),VALUE(MID(K4,6,2)),VALUE(RIGHT(K4,2)))))) -> 44962 | M4: 45054 | N4: =IF(M4="","",IF(ISNUMBER(M4),M4,IF(ISNUMBER(SEARCH("/",M4)),DATE(VALUE(RIGHT(M4,4)),VALUE(MID(M4,4,2)),VALUE(LEFT(M4,2))),DATE(VALUE(LEFT(M4,4)),VALUE(MID(M4,6,2)),VALUE(RIGHT(M4,2)))))) -> 45054 | P4: =IF(O4="","",IF(ISNUMBER(O4),O4,DATE(VALUE(LEFT(O4,4)),VALUE(MID(O4,6,2)),VALUE(RIGHT(O4,2))))) | R4: 0 | S4: 1 | U4: ANZ | V4: 81996 | W4: =IF(E4="","",IF(E4="Closed Won","Won",IF(E4="Closed Lost","Lost","Open"))) -> Open | X4: =_xlfn.XLOOKUP(B4,'Customers'!A:A,'Customers'!E:E,"") -> Enterprise | Y4: =IF(OR(W4="Won",W4="Lost"),1,0) -> 0 | Z4: =IF(OR(N4="",P4=""),"",P4-N4) | AA4: =IF(AND(Y4=1,Z4>30),1,0) -> 0
A5: DL-00004 | B5: CUST-1189 | D5: WorkHub Enterprise | E5: Prospecting | F5: $151,127 | G5: =IF(F5="","",IF(RIGHT(UPPER(SUBSTITUTE(SUBSTITUTE(SUBSTITUTE(TRIM(F5),"$",""),",","")," ","")),1)="K",VALUE(LEFT(UPPER(SUBSTITUTE(SUBSTITUTE(SUBSTITUTE(TRIM(F5),"$",""),",","")," ","")),LEN(UPPER(SUBSTITUTE(SUBSTITUTE(SUBSTITUTE(TRIM(F5),"$",""),",","")," ","")))-1))*1000,IF(RIGHT(UPPER(SUBSTITUTE(SUBSTITUTE(SUBSTITUTE(TRIM(F5),"$",""),",","")," ","")),1)="M",VALUE(LEFT(UPPER(SUBSTITUTE(SUBSTITUTE(SUBSTITUTE(TRIM(F5),"$",""),",","")," ","")),LEN(UPPER(SUBSTITUTE(SUBSTITUTE(SUBSTITUTE(TRIM(F5),"$",""),",","")," ","")))-1))*1000000,VALUE(SUBSTITUTE(SUBSTITUTE(SUBSTITUTE(TRIM(F5),"$",""),",","")," ",""))))) -> 151127 | H5: Event | I5: rachit lall | J5: =PROPER(TRIM(I5)) -> Rachit Lall | K5: 2024-02-06 | L5: =IF(K5="","",IF(ISNUMBER(K5),K5,IF(ISNUMBER(SEARCH("/",K5)),DATE(VALUE(RIGHT(K5,4)),VALUE(MID(K5,4,2)),VALUE(LEFT(K5,2))),DATE(VALUE(LEFT(K5,4)),VALUE(MID(K5,6,2)),VALUE(RIGHT(K5,2)))))) -> 45328 | M5: 45472 | N5: =IF(M5="","",IF(ISNUMBER(M5),M5,IF(ISNUMBER(SEARCH("/",M5)),DATE(VALUE(RIGHT(M5,4)),VALUE(MID(M5,4,2)),VALUE(LEFT(M5,2))),DATE(VALUE(LEFT(M5,4)),VALUE(MID(M5,6,2)),VALUE(RIGHT(M5,2)))))) -> 45472 | P5: =IF(O5="","",IF(ISNUMBER(O5),O5,DATE(VALUE(LEFT(O5,4)),VALUE(MID(O5,6,2)),VALUE(RIGHT(O5,2))))) | R5: 0 | S5: 1 | T5: 2.5 | U5: ANZ | V5: 151127 | W5: =IF(E5="","",IF(E5="Closed Won","Won",IF(E5="Closed Lost","Lost","Open"))) -> Open | X5: =_xlfn.XLOOKUP(B5,'Customers'!A:A,'Customers'!E:E,"") -> Mid-Market | Y5: =IF(OR(W5="Won",W5="Lost"),1,0) -> 0 | Z5: =IF(OR(N5="",P5=""),"",P5-N5) | AA5: =IF(AND(Y5=1,Z5>30),1,0) -> 0
A6: DL-00005 | B6: CUST-1278 | C6: CMP-184 | D6: WorkHub Pro | E6: Demo | F6: 19,891 | G6: =IF(F6="","",IF(RIGHT(UPPER(SUBSTITUTE(SUBSTITUTE(SUBSTITUTE(TRIM(F6),"$",""),",","")," ","")),1)="K",VALUE(LEFT(UPPER(SUBSTITUTE(SUBSTITUTE(SUBSTITUTE(TRIM(F6),"$",""),",","")," ","")),LEN(UPPER(SUBSTITUTE(SUBSTITUTE(SUBSTITUTE(TRIM(F6),"$",""),",","")," ","")))-1))*1000,IF(RIGHT(UPPER(SUBSTITUTE(SUBSTITUTE(SUBSTITUTE(TRIM(F6),"$",""),",","")," ","")),1)="M",VALUE(LEFT(UPPER(SUBSTITUTE(SUBSTITUTE(SUBSTITUTE(TRIM(F6),"$",""),",","")," ","")),LEN(UPPER(SUBSTITUTE(SUBSTITUTE(SUBSTITUTE(TRIM(F6),"$",""),",","")," ","")))-1))*1000000,VALUE(SUBSTITUTE(SUBSTITUTE(SUBSTITUTE(TRIM(F6),"$",""),",","")," ",""))))) -> 19891 | H6: Webinar | I6: Ati Seshadri | J6: =PROPER(TRIM(I6)) -> Ati Seshadri | K6: 2023-04-23 | L6: =IF(K6="","",IF(ISNUMBER(K6),K6,IF(ISNUMBER(SEARCH("/",K6)),DATE(VALUE(RIGHT(K6,4)),VALUE(MID(K6,4,2)),VALUE(LEFT(K6,2))),DATE(VALUE(LEFT(K6,4)),VALUE(MID(K6,6,2)),VALUE(RIGHT(K6,2)))))) -> 45039 | M6: 45181 | N6: =IF(M6="","",IF(ISNUMBER(M6),M6,IF(ISNUMBER(SEARCH("/",M6)),DATE(VALUE(RIGHT(M6,4)),VALUE(MID(M6,4,2)),VALUE(LEFT(M6,2))),DATE(VALUE(LEFT(M6,4)),VALUE(MID(M6,6,2)),VALUE(RIGHT(M6,2)))))) -> 45181 | P6: =IF(O6="","",IF(ISNUMBER(O6),O6,DATE(VALUE(LEFT(O6,4)),VALUE(MID(O6,6,2)),VALUE(RIGHT(O6,2))))) | R6: 0 | S6: 1 | T6: 27.8 | U6: South Asia | V6: 19891 | W6: =IF(E6="","",IF(E6="Closed Won","Won",IF(E6="Closed Lost","Lost","Open"))) -> Open | X6: =_xlfn.XLOOKUP(B6,'Customers'!A:A,'Customers'!E:E,"") -> Mid-Market | Y6: =IF(OR(W6="Won",W6="Lost"),1,0) -> 0 | Z6: =IF(OR(N6="",P6=""),"",P6-N6) | AA6: =IF(AND(Y6=1,Z6>30),1,0) -> 0
A7: DL-00006 | B7: CUST-0818 | D7: WorkHub Enterprise | E7: Proposal | F7: $73,353 | G7: =IF(F7="","",IF(RIGHT(UPPER(SUBSTITUTE(SUBSTITUTE(SUBSTITUTE(TRIM(F7),"$",""),",","")," ","")),1)="K",VALUE(LEFT(UPPER(SUBSTITUTE(SUBSTITUTE(SUBSTITUTE(TRIM(F7),"$",""),",","")," ","")),LEN(UPPER(SUBSTITUTE(SUBSTITUTE(SUBSTITUTE(TRIM(F7),"$",""),",","")," ","")))-1))*1000,IF(RIGHT(UPPER(SUBSTITUTE(SUBSTITUTE(SUBSTITUTE(TRIM(F7),"$",""),",","")," ","")),1)="M",VALUE(LEFT(UPPER(SUBSTITUTE(SUBSTITUTE(SUBSTITUTE(TRIM(F7),"$",""),",","")," ","")),LEN(UPPER(SUBSTITUTE(SUBSTITUTE(SUBSTITUTE(TRIM(F7),"$",""),",","")," ","")))-1))*1000000,VALUE(SUBSTITUTE(SUBSTITUTE(SUBSTITUTE(TRIM(F7),"$",""),",","")," ",""))))) -> 73353 | H7: LinkedIn Ads | I7: Jairaj Panchal | J7: =PROPER(TRIM(I7)) -> Jairaj Panchal | K7: 2022-11-19 | L7: =IF(K7="","",IF(ISNUMBER(K7),K7,IF(ISNUMBER(SEARCH("/",K7)),DATE(VALUE(RIGHT(K7,4)),VALUE(MID(K7,4,2)),VALUE(LEFT(K7,2))),DATE(VALUE(LEFT(K7,4)),VALUE(MID(K7,6,2)),VALUE(RIGHT(K7,2)))))) -> 44884 | M7: 44917 | N7: =IF(M7="","",IF(ISNUMBER(M7),M7,IF(ISNUMBER(SEARCH("/",M7)),DATE(VALUE(RIGHT(M7,4)),VALUE(MID(M7,4,2)),VALUE(LEFT(M7,2))),DATE(VALUE(LEFT(M7,4)),VALUE(MID(M7,6,2)),VALUE(RIGHT(M7,2)))))) -> 44917 | P7: =IF(O7="","",IF(ISNUMBER(O7),O7,DATE(VALUE(LEFT(O7,4)),VALUE(MID(O7,6,2)),VALUE(RIGHT(O7,2))))) | R7: 0 | S7: 1 | T7: 30.3 | U7: Southeast Asia | V7: 73353 | W7: =IF(E7="","",IF(E7="Closed Won","Won",IF(E7="Closed Lost","Lost","Open"))) -> Open | X7: =_xlfn.XLOOKUP(B7,'Customers'!A:A,'Customers'!E:E,"") -> Enterprise | Y7: =IF(OR(W7="Won",W7="Lost"),1,0) -> 0 | Z7: =IF(OR(N7="",P7=""),"",P7-N7) | AA7: =IF(AND(Y7=1,Z7>30),1,0) -> 0
A8: DL-00007 | B8: CUST-0647 | D8: API Access | E8: Demo | F8: 7K | G8: =IF(F8="","",IF(RIGHT(UPPER(SUBSTITUTE(SUBSTITUTE(SUBSTITUTE(TRIM(F8),"$",""),",","")," ","")),1)="K",VALUE(LEFT(UPPER(SUBSTITUTE(SUBSTITUTE(SUBSTITUTE(TRIM(F8),"$",""),",","")," ","")),LEN(UPPER(SUBSTITUTE(SUBSTITUTE(SUBSTITUTE(TRIM(F8),"$",""),",","")," ","")))-1))*1000,IF(RIGHT(UPPER(SUBSTITUTE(SUBSTITUTE(SUBSTITUTE(TRIM(F8),"$",""),",","")," ","")),1)="M",VALUE(LEFT(UPPER(SUBSTITUTE(SUBSTITUTE(SUBSTITUTE(TRIM(F8),"$",""),",","")," ","")),LEN(UPPER(SUBSTITUTE(SUBSTITUTE(SUBSTITUTE(TRIM(F8),"$",""),",","")," ","")))-1))*1000000,VALUE(SUBSTITUTE(SUBSTITUTE(SUBSTITUTE(TRIM(F8),"$",""),",","")," ",""))))) -> 7000 | H8: Product-Led Signup | I8: Anamika Keer | J8: =PROPER(TRIM(I8)) -> Anamika Keer | K8: 2024-04-16 | L8: =IF(K8="","",IF(ISNUMBER(K8),K8,IF(ISNUMBER(SEARCH("/",K8)),DATE(VALUE(RIGHT(K8,4)),VALUE(MID(K8,4,2)),VALUE(LEFT(K8,2))),DATE(VALUE(LEFT(K8,4)),VALUE(MID(K8,6,2)),VALUE(RIGHT(K8,2)))))) -> 45398 | M8: 45488 | N8: =IF(M8="","",IF(ISNUMBER(M8),M8,IF(ISNUMBER(SEARCH("/",M8)),DATE(VALUE(RIGHT(M8,4)),VALUE(MID(M8,4,2)),VALUE(LEFT(M8,2))),DATE(VALUE(LEFT(M8,4)),VALUE(MID(M8,6,2)),VALUE(RIGHT(M8,2)))))) -> 45488 | P8: =IF(O8="","",IF(ISNUMBER(O8),O8,DATE(VALUE(LEFT(O8,4)),VALUE(MID(O8,6,2)),VALUE(RIGHT(O8,2))))) | R8: 0 | S8: 1 | U8: Middle East | V8: 7000 | W8: =IF(E8="","",IF(E8="Closed Won","Won",IF(E8="Closed Lost","Lost","Open"))) -> Open | X8: =_xlfn.XLOOKUP(B8,'Customers'!A:A,'Customers'!E:E,"") -> SMB | Y8: =IF(OR(W8="Won",W8="Lost"),1,0) -> 0 | Z8: =IF(OR(N8="",P8=""),"",P8-N8) | AA8: =IF(AND(Y8=1,Z8>30),1,0) -> 0
A9: DL-00008 | B9: CUST-0056 | D9: API Access | E9: Demo | F9: 4K | G9: =IF(F9="","",IF(RIGHT(UPPER(SUBSTITUTE(SUBSTITUTE(SUBSTITUTE(TRIM(F9),"$",""),",","")," ","")),1)="K",VALUE(LEFT(UPPER(SUBSTITUTE(SUBSTITUTE(SUBSTITUTE(TRIM(F9),"$",""),",","")," ","")),LEN(UPPER(SUBSTITUTE(SUBSTITUTE(SUBSTITUTE(TRIM(F9),"$",""),",","")," ","")))-1))*1000,IF(RIGHT(UPPER(SUBSTITUTE(SUBSTITUTE(SUBSTITUTE(TRIM(F9),"$",""),",","")," ","")),1)="M",VALUE(LEFT(UPPER(SUBSTITUTE(SUBSTITUTE(SUBSTITUTE(TRIM(F9),"$",""),",","")," ","")),LEN(UPPER(SUBSTITUTE(SUBSTITUTE(SUBSTITUTE(TRIM(F9),"$",""),",","")," ","")))-1))*1000000,VALUE(SUBSTITUTE(SUBSTITUTE(SUBSTITUTE(TRIM(F9),"$",""),",","")," ",""))))) -> 4000 | H9: Webinar | I9: Karan Karnik | J9: =PROPER(TRIM(I9)) -> Karan Karnik | K9: 24/03/2022 | L9: =IF(K9="","",IF(ISNUMBER(K9),K9,IF(ISNUMBER(SEARCH("/",K9)),DATE(VALUE(RIGHT(K9,4)),VALUE(MID(K9,4,2)),VALUE(LEFT(K9,2))),DATE(VALUE(LEFT(K9,4)),VALUE(MID(K9,6,2)),VALUE(RIGHT(K9,2)))))) -> 44644 | M9: 44716 | N9: =IF(M9="","",IF(ISNUMBER(M9),M9,IF(ISNUMBER(SEARCH("/",M9)),DATE(VALUE(RIGHT(M9,4)),VALUE(MID(M9,4,2)),VALUE(LEFT(M9,2))),DATE(VALUE(LEFT(M9,4)),VALUE(MID(M9,6,2)),VALUE(RIGHT(M9,2)))))) -> 44716 | P9: =IF(O9="","",IF(ISNUMBER(O9),O9,DATE(VALUE(LEFT(O9,4)),VALUE(MID(O9,6,2)),VALUE(RIGHT(O9,2))))) | R9: 0 | S9: 1 | T9: 5.5 | U9: Southeast Asia | V9: 4000 | W9: =IF(E9="","",IF(E9="Closed Won","Won",IF(E9="Closed Lost","Lost","Open"))) -> Open | X9: =_xlfn.XLOOKUP(B9,'Customers'!A:A,'Customers'!E:E,"") -> Mid-Market | Y9: =IF(OR(W9="Won",W9="Lost"),1,0) -> 0 | Z9: =IF(OR(N9="",P9=""),"",P9-N9) | AA9: =IF(AND(Y9=1,Z9>30),1,0) -> 0
A10: DL-00009 | B10: CUST-0355 | C10: CMP-054 | D10: WorkHub Core | E10: Demo | F10: 8,506 | G10: =IF(F10="","",IF(RIGHT(UPPER(SUBSTITUTE(SUBSTITUTE(SUBSTITUTE(TRIM(F10),"$",""),",","")," ","")),1)="K",VALUE(LEFT(UPPER(SUBSTITUTE(SUBSTITUTE(SUBSTITUTE(TRIM(F10),"$",""),",","")," ","")),LEN(UPPER(SUBSTITUTE(SUBSTITUTE(SUBSTITUTE(TRIM(F10),"$",""),",","")," ","")))-1))*1000,IF(RIGHT(UPPER(SUBSTITUTE(SUBSTITUTE(SUBSTITUTE(TRIM(F10),"$",""),",","")," ","")),1)="M",VALUE(LEFT(UPPER(SUBSTITUTE(SUBSTITUTE(SUBSTITUTE(TRIM(F10),"$",""),",","")," ","")),LEN(UPPER(SUBSTITUTE(SUBSTITUTE(SUBSTITUTE(TRIM(F10),"$",""),",","")," ","")))-1))*1000000,VALUE(SUBSTITUTE(SUBSTITUTE(SUBSTITUTE(TRIM(F10),"$",""),",","")," ",""))))) -> 8506 | H10: Partner Referral | I10: Shivani Natt | J10: =PROPER(TRIM(I10)) -> Shivani Natt | K10: 2022-11-11 | L10: =IF(K10="","",IF(ISNUMBER(K10),K10,IF(ISNUMBER(SEARCH("/",K10)),DATE(VALUE(RIGHT(K10,4)),VALUE(MID(K10,4,2)),VALUE(LEFT(K10,2))),DATE(VALUE(LEFT(K10,4)),VALUE(MID(K10,6,2)),VALUE(RIGHT(K10,2)))))) -> 44876 | M10: 45028 | N10: =IF(M10="","",IF(ISNUMBER(M10),M10,IF(ISNUMBER(SEARCH("/",M10)),DATE(VALUE(RIGHT(M10,4)),VALUE(MID(M10,4,2)),VALUE(LEFT(M10,2))),DATE(VALUE(LEFT(M10,4)),VALUE(MID(M10,6,2)),VALUE(RIGHT(M10,2)))))) -> 45028 | P10: =IF(O10="","",IF(ISNUMBER(O10),O10,DATE(VALUE(LEFT(O10,4)),VALUE(MID(O10,6,2)),VALUE(RIGHT(O10,2))))) | R10: 0 | S10: 1 | T10: 14.1 | U10: South Asia | V10: 8506 | W10: =IF(E10="","",IF(E10="Closed Won","Won",IF(E10="Closed Lost","Lost","Open"))) -> Open | X10: =_xlfn.XLOOKUP(B10,'Customers'!A:A,'Customers'!E:E,"") -> SMB | Y10: =IF(OR(W10="Won",W10="Lost"),1,0) -> 0 | Z10: =IF(OR(N10="",P10=""),"",P10-N10) | AA10: =IF(AND(Y10=1,Z10>30),1,0) -> 0
A11: DL-00010 | B11: CUST-0537 | C11: CMP-327 | D11: API Access | E11: Proposal | F11: $4,469 | G11: =IF(F11="","",IF(RIGHT(UPPER(SUBSTITUTE(SUBSTITUTE(SUBSTITUTE(TRIM(F11),"$",""),",","")," ","")),1)="K",VALUE(LEFT(UPPER(SUBSTITUTE(SUBSTITUTE(SUBSTITUTE(TRIM(F11),"$",""),",","")," ","")),LEN(UPPER(SUBSTITUTE(SUBSTITUTE(SUBSTITUTE(TRIM(F11),"$",""),",","")," ","")))-1))*1000,IF(RIGHT(UPPER(SUBSTITUTE(SUBSTITUTE(SUBSTITUTE(TRIM(F11),"$",""),",","")," ","")),1)="M",VALUE(LEFT(UPPER(SUBSTITUTE(SUBSTITUTE(SUBSTITUTE(TRIM(F11),"$",""),",","")," ","")),LEN(UPPER(SUBSTITUTE(SUBSTITUTE(SUBSTITUTE(TRIM(F11),"$",""),",","")," ","")))-1))*1000000,VALUE(SUBSTITUTE(SUBSTITUTE(SUBSTITUTE(TRIM(F11),"$",""),",","")," ",""))))) -> 4469 | H11: Product-Led Signup | I11: Mason Solanki | J11: =PROPER(TRIM(I11)) -> Mason Solanki | K11: 2022-01-02 | L11: =IF(K11="","",IF(ISNUMBER(K11),K11,IF(ISNUMBER(SEARCH("/",K11)),DATE(VALUE(RIGHT(K11,4)),VALUE(MID(K11,4,2)),VALUE(LEFT(K11,2))),DATE(VALUE(LEFT(K11,4)),VALUE(MID(K11,6,2)),VALUE(RIGHT(K11,2)))))) -> 44563 | M11: 44723 | N11: =IF(M11="","",IF(ISNUMBER(M11),M11,IF(ISNUMBER(SEARCH("/",M11)),DATE(VALUE(RIGHT(M11,4)),VALUE(MID(M11,4,2)),VALUE(LEFT(M11,2))),DATE(VALUE(LEFT(M11,4)),VALUE(MID(M11,6,2)),VALUE(RIGHT(M11,2)))))) -> 44723 | P11: =IF(O11="","",IF(ISNUMBER(O11),O11,DATE(VALUE(LEFT(O11,4)),VALUE(MID(O11,6,2)),VALUE(RIGHT(O11,2))))) | R11: 0 | S11: 1 | T11: 32 | U11: Southeast Asia | V11: 4469 | W11: =IF(E11="","",IF(E11="Closed Won","Won",IF(E11="Closed Lost","Lost","Open"))) -> Open | X11: =_xlfn.XLOOKUP(B11,'Customers'!A:A,'Customers'!E:E,"") -> Enterprise | Y11: =IF(OR(W11="Won",W11="Lost"),1,0) -> 0 | Z11: =IF(OR(N11="",P11=""),"",P11-N11) | AA11: =IF(AND(Y11=1,Z11>30),1,0) -> 0
A12: DL-00011 | B12: CUST-1067 | C12: CMP-224 | D12: WorkHub Enterprise | E12: Closed Won | F12: $178,212 | G12: =IF(F12="","",IF(RIGHT(UPPER(SUBSTITUTE(SUBSTITUTE(SUBSTITUTE(TRIM(F12),"$",""),",","")," ","")),1)="K",VALUE(LEFT(UPPER(SUBSTITUTE(SUBSTITUTE(SUBSTITUTE(TRIM(F12),"$",""),",","")," ","")),LEN(UPPER(SUBSTITUTE(SUBSTITUTE(SUBSTITUTE(TRIM(F12),"$",""),",","")," ","")))-1))*1000,IF(RIGHT(UPPER(SUBSTITUTE(SUBSTITUTE(SUBSTITUTE(TRIM(F12),"$",""),",","")," ","")),1)="M",VALUE(LEFT(UPPER(SUBSTITUTE(SUBSTITUTE(SUBSTITUTE(TRIM(F12),"$",""),",","")," ","")),LEN(UPPER(SUBSTITUTE(SUBSTITUTE(SUBSTITUTE(TRIM(F12),"$",""),",","")," ","")))-1))*1000000,VALUE(SUBSTITUTE(SUBSTITUTE(SUBSTITUTE(TRIM(F12),"$",""),",","")," ",""))))) -> 178212 | H12: Product-Led Signup | I12: Owen Mane | J12: =PROPER(TRIM(I12)) -> Owen Mane | K12: 29/09/2023 | L12: =IF(K12="","",IF(ISNUMBER(K12),K12,IF(ISNUMBER(SEARCH("/",K12)),DATE(VALUE(RIGHT(K12,4)),VALUE(MID(K12,4,2)),VALUE(LEFT(K12,2))),DATE(VALUE(LEFT(K12,4)),VALUE(MID(K12,6,2)),VALUE(RIGHT(K12,2)))))) -> 45198 | M12: 45324 | N12: =IF(M12="","",IF(ISNUMBER(M12),M12,IF(ISNUMBER(SEARCH("/",M12)),DATE(VALUE(RIGHT(M12,4)),VALUE(MID(M12,4,2)),VALUE(LEFT(M12,2))),DATE(VALUE(LEFT(M12,4)),VALUE(MID(M12,6,2)),VALUE(RIGHT(M12,2)))))) -> 45324 | O12: 45273 | P12: =IF(O12="","",IF(ISNUMBER(O12),O12,DATE(VALUE(LEFT(O12,4)),VALUE(MID(O12,6,2)),VALUE(RIGHT(O12,2))))) -> 45273 | Q12: 75 | R12: 1 | S12: 2 | T12: 3.9 | U12: Southeast Asia | V12: 178212 | W12: =IF(E12="","",IF(E12="Closed Won","Won",IF(E12="Closed Lost","Lost","Open"))) -> Won | X12: =_xlfn.XLOOKUP(B12,'Customers'!A:A,'Customers'!E:E,"") -> Mid-Market | Y12: =IF(OR(W12="Won",W12="Lost"),1,0) -> 1 | Z12: =IF(OR(N12="",P12=""),"",P12-N12) -> -51 | AA12: =IF(AND(Y12=1,Z12>30),1,0) -> 0
A13: DL-00012 | B13: CUST-0375 | D13: WorkHub Core | E13: Demo | F13: 3,564 | G13: =IF(F13="","",IF(RIGHT(UPPER(SUBSTITUTE(SUBSTITUTE(SUBSTITUTE(TRIM(F13),"$",""),",","")," ","")),1)="K",VALUE(LEFT(UPPER(SUBSTITUTE(SUBSTITUTE(SUBSTITUTE(TRIM(F13),"$",""),",","")," ","")),LEN(UPPER(SUBSTITUTE(SUBSTITUTE(SUBSTITUTE(TRIM(F13),"$",""),",","")," ","")))-1))*1000,IF(RIGHT(UPPER(SUBSTITUTE(SUBSTITUTE(SUBSTITUTE(TRIM(F13),"$",""),",","")," ","")),1)="M",VALUE(LEFT(UPPER(SUBSTITUTE(SUBSTITUTE(SUBSTITUTE(TRIM(F13),"$",""),",","")," ","")),LEN(UPPER(SUBSTITUTE(SUBSTITUTE(SUBSTITUTE(TRIM(F13),"$",""),",","")," ","")))-1))*1000000,VALUE(SUBSTITUTE(SUBSTITUTE(SUBSTITUTE(TRIM(F13),"$",""),",","")," ",""))))) -> 3564 | H13: Paid Search | I13: Amruta Sinha | J13: =PROPER(TRIM(I13)) -> Amruta Sinha | K13: 2022-08-19 | L13: =IF(K13="","",IF(ISNUMBER(K13),K13,IF(ISNUMBER(SEARCH("/",K13)),DATE(VALUE(RIGHT(K13,4)),VALUE(MID(K13,4,2)),VALUE(LEFT(K13,2))),DATE(VALUE(LEFT(K13,4)),VALUE(MID(K13,6,2)),VALUE(RIGHT(K13,2)))))) -> 44792 | M13: 44937 | N13: =IF(M13="","",IF(ISNUMBER(M13),M13,IF(ISNUMBER(SEARCH("/",M13)),DATE(VALUE(RIGHT(M13,4)),VALUE(MID(M13,4,2)),VALUE(LEFT(M13,2))),DATE(VALUE(LEFT(M13,4)),VALUE(MID(M13,6,2)),VALUE(RIGHT(M13,2)))))) -> 44937 | P13: =IF(O13="","",IF(ISNUMBER(O13),O13,DATE(VALUE(LEFT(O13,4)),VALUE(MID(O13,6,2)),VALUE(RIGHT(O13,2))))) | R13: 0 | S13: 1 | T13: 19.9 | U13: East Africa | V13: 3564 | W13: =IF(E13="","",IF(E13="Closed Won","Won",IF(E13="Closed Lost","Lost","Open"))) -> Open | X13: =_xlfn.XLOOKUP(B13,'Customers'!A:A,'Customers'!E:E,"") -> Mid-Market | Y13: =IF(OR(W13="Won",W13="Lost"),1,0) -> 0 | Z13: =IF(OR(N13="",P13=""),"",P13-N13) | AA13: =IF(AND(Y13=1,Z13>30),1,0) -> 0
A14: DL-00013 | B14: CUST-0833 | C14: CMP-378 | D14: API Access | E14: Negotiation | F14: 5,862 | G14: =IF(F14="","",IF(RIGHT(UPPER(SUBSTITUTE(SUBSTITUTE(SUBSTITUTE(TRIM(F14),"$",""),",","")," ","")),1)="K",VALUE(LEFT(UPPER(SUBSTITUTE(SUBSTITUTE(SUBSTITUTE(TRIM(F14),"$",""),",","")," ","")),LEN(UPPER(SUBSTITUTE(SUBSTITUTE(SUBSTITUTE(TRIM(F14),"$",""),",","")," ","")))-1))*1000,IF(RIGHT(UPPER(SUBSTITUTE(SUBSTITUTE(SUBSTITUTE(TRIM(F14),"$",""),",","")," ","")),1)="M",VALUE(LEFT(UPPER(SUBSTITUTE(SUBSTITUTE(SUBSTITUTE(TRIM(F14),"$",""),",","")," ","")),LEN(UPPER(SUBSTITUTE(SUBSTITUTE(SUBSTITUTE(TRIM(F14),"$",""),",","")," ","")))-1))*1000000,VALUE(SUBSTITUTE(SUBSTITUTE(SUBSTITUTE(TRIM(F14),"$",""),",","")," ",""))))) -> 5862 | H14: Partner Referral | I14: Hemangini Bahri | J14: =PROPER(TRIM(I14)) -> Hemangini Bahri | K14: 2023-02-12 | L14: =IF(K14="","",IF(ISNUMBER(K14),K14,IF(ISNUMBER(SEARCH("/",K14)),DATE(VALUE(RIGHT(K14,4)),VALUE(MID(K14,4,2)),VALUE(LEFT(K14,2))),DATE(VALUE(LEFT(K14,4)),VALUE(MID(K14,6,2)),VALUE(RIGHT(K14,2)))))) -> 44969 | M14: 44998 | N14: =IF(M14="","",IF(ISNUMBER(M14),M14,IF(ISNUMBER(SEARCH("/",M14)),DATE(VALUE(RIGHT(M14,4)),VALUE(MID(M14,4,2)),VALUE(LEFT(M14,2))),DATE(VALUE(LEFT(M14,4)),VALUE(MID(M14,6,2)),VALUE(RIGHT(M14,2)))))) -> 44998 | P14: =IF(O14="","",IF(ISNUMBER(O14),O14,DATE(VALUE(LEFT(O14,4)),VALUE(MID(O14,6,2)),VALUE(RIGHT(O14,2))))) | R14: 0 | S14: 1 | T14: 15.1 | U14: Southeast Asia | V14: 5862 | W14: =IF(E14="","",IF(E14="Closed Won","Won",IF(E14="Closed Lost","Lost","Open"))) -> Open | X14: =_xlfn.XLOOKUP(B14,'Customers'!A:A,'Customers'!E:E,"") -> Mid-Market | Y14: =IF(OR(W14="Won",W14="Lost"),1,0) -> 0 | Z14: =IF(OR(N14="",P14=""),"",P14-N14) | AA14: =IF(AND(Y14=1,Z14>30),1,0) -> 0
A15: DL-00014 | B15: CUST-0128 | C15: CMP-121 | D15: WorkHub Core | E15: Demo | F15: 1K | G15: =IF(F15="","",IF(RIGHT(UPPER(SUBSTITUTE(SUBSTITUTE(SUBSTITUTE(TRIM(F15),"$",""),",","")," ","")),1)="K",VALUE(LEFT(UPPER(SUBSTITUTE(SUBSTITUTE(SUBSTITUTE(TRIM(F15),"$",""),",","")," ","")),LEN(UPPER(SUBSTITUTE(SUBSTITUTE(SUBSTITUTE(TRIM(F15),"$",""),",","")," ","")))-1))*1000,IF(RIGHT(UPPER(SUBSTITUTE(SUBSTITUTE(SUBSTITUTE(TRIM(F15),"$",""),",","")," ","")),1)="M",VALUE(LEFT(UPPER(SUBSTITUTE(SUBSTITUTE(SUBSTITUTE(TRIM(F15),"$",""),",","")," ","")),LEN(UPPER(SUBSTITUTE(SUBSTITUTE(SUBSTITUTE(TRIM(F15),"$",""),",","")," ","")))-1))*1000000,VALUE(SUBSTITUTE(SUBSTITUTE(SUBSTITUTE(TRIM(F15),"$",""),",","")," ",""))))) -> 1000 | H15: Webinar | I15: Ati Seshadri | J15: =PROPER(TRIM(I15)) -> Ati Seshadri | K15: 2022-07-17 | L15: =IF(K15="","",IF(ISNUMBER(K15),K15,IF(ISNUMBER(SEARCH("/",K15)),DATE(VALUE(RIGHT(K15,4)),VALUE(MID(K15,4,2)),VALUE(LEFT(K15,2))),DATE(VALUE(LEFT(K15,4)),VALUE(MID(K15,6,2)),VALUE(RIGHT(K15,2)))))) -> 44759 | M15: 44857 | N15: =IF(M15="","",IF(ISNUMBER(M15),M15,IF(ISNUMBER(SEARCH("/",M15)),DATE(VALUE(RIGHT(M15,4)),VALUE(MID(M15,4,2)),VALUE(LEFT(M15,2))),DATE(VALUE(LEFT(M15,4)),VALUE(MID(M15,6,2)),VALUE(RIGHT(M15,2)))))) -> 44857 | P15: =IF(O15="","",IF(ISNUMBER(O15),O15,DATE(VALUE(LEFT(O15,4)),VALUE(MID(O15,6,2)),VALUE(RIGHT(O15,2))))) | R15: 0 | S15: 1 | T15: 9.5 | U15: South Asia | V15: 1000 | W15: =IF(E15="","",IF(E15="Closed Won","Won",IF(E15="Closed Lost","Lost","Open"))) -> Open | X15: =_xlfn.XLOOKUP(B15,'Customers'!A:A,'Customers'!E:E,"") -> SMB | Y15: =IF(OR(W15="Won",W15="Lost"),1,0) -> 0 | Z15: =IF(OR(N15="",P15=""),"",P15-N15) | AA15: =IF(AND(Y15=1,Z15>30),1,0) -> 0
A16: DL-00015 | B16: CUST-1133 | C16: CMP-091 | D16: WorkHub Pro | E16: Closed Lost | F16: 24887 | G16: =IF(F16="","",IF(RIGHT(UPPER(SUBSTITUTE(SUBSTITUTE(SUBSTITUTE(TRIM(F16),"$",""),",","")," ","")),1)="K",VALUE(LEFT(UPPER(SUBSTITUTE(SUBSTITUTE(SUBSTITUTE(TRIM(F16),"$",""),",","")," ","")),LEN(UPPER(SUBSTITUTE(SUBSTITUTE(SUBSTITUTE(TRIM(F16),"$",""),",","")," ","")))-1))*1000,IF(RIGHT(UPPER(SUBSTITUTE(SUBSTITUTE(SUBSTITUTE(TRIM(F16),"$",""),",","")," ","")),1)="M",VALUE(LEFT(UPPER(SUBSTITUTE(SUBSTITUTE(SUBSTITUTE(TRIM(F16),"$",""),",","")," ","")),LEN(UPPER(SUBSTITUTE(SUBSTITUTE(SUBSTITUTE(TRIM(F16),"$",""),",","")," ","")))-1))*1000000,VALUE(SUBSTITUTE(SUBSTITUTE(SUBSTITUTE(TRIM(F16),"$",""),",","")," ",""))))) -> 24887 | H16: LinkedIn Ads | I16: Ekta Uppal | J16: =PROPER(TRIM(I16)) -> Ekta Uppal | K16: 2024-07-12 | L16: =IF(K16="","",IF(ISNUMBER(K16),K16,IF(ISNUMBER(SEARCH("/",K16)),DATE(VALUE(RIGHT(K16,4)),VALUE(MID(K16,4,2)),VALUE(LEFT(K16,2))),DATE(VALUE(LEFT(K16,4)),VALUE(MID(K16,6,2)),VALUE(RIGHT(K16,2)))))) -> 45485 | M16: 45541 | N16: =IF(M16="","",IF(ISNUMBER(M16),M16,IF(ISNUMBER(SEARCH("/",M16)),DATE(VALUE(RIGHT(M16,4)),VALUE(MID(M16,4,2)),VALUE(LEFT(M16,2))),DATE(VALUE(LEFT(M16,4)),VALUE(MID(M16,6,2)),VALUE(RIGHT(M16,2)))))) -> 45541 | O16: 45616 | P16: =IF(O16="","",IF(ISNUMBER(O16),O16,DATE(VALUE(LEFT(O16,4)),VALUE(MID(O16,6,2)),VALUE(RIGHT(O16,2))))) -> 45616 | Q16: 131 | R16: 0 | S16: 1 | T16: 32.7 | U16: Southeast Asia | V16: 24887 | W16: =IF(E16="","",IF(E16="Closed Won","Won",IF(E16="Closed Lost","Lost","Open"))) -> Lost | X16: =_xlfn.XLOOKUP(B16,'Customers'!A:A,'Customers'!E:E,"") -> Mid-Market | Y16: =IF(OR(W16="Won",W16="Lost"),1,0) -> 1 | Z16: =IF(OR(N16="",P16=""),"",P16-N16) -> 75 | AA16: =IF(AND(Y16=1,Z16>30),1,0) -> 1
A17: DL-00016 | B17: CUST-1028 | C17: CMP-127 | D17: API Access | E17: Closed Lost | F17: $10,459 | G17: =IF(F17="","",IF(RIGHT(UPPER(SUBSTITUTE(SUBSTITUTE(SUBSTITUTE(TRIM(F17),"$",""),",","")," ","")),1)="K",VALUE(LEFT(UPPER(SUBSTITUTE(SUBSTITUTE(SUBSTITUTE(TRIM(F17),"$",""),",","")," ","")),LEN(UPPER(SUBSTITUTE(SUBSTITUTE(SUBSTITUTE(TRIM(F17),"$",""),",","")," ","")))-1))*1000,IF(RIGHT(UPPER(SUBSTITUTE(SUBSTITUTE(SUBSTITUTE(TRIM(F17),"$",""),",","")," ","")),1)="M",VALUE(LEFT(UPPER(SUBSTITUTE(SUBSTITUTE(SUBSTITUTE(TRIM(F17),"$",""),",","")," ","")),LEN(UPPER(SUBSTITUTE(SUBSTITUTE(SUBSTITUTE(TRIM(F17),"$",""),",","")," ","")))-1))*1000000,VALUE(SUBSTITUTE(SUBSTITUTE(SUBSTITUTE(TRIM(F17),"$",""),",","")," ",""))))) -> 10459 | H17: Webinar | I17: Karan Karnik | J17: =PROPER(TRIM(I17)) -> Karan Karnik | K17: 2024-11-01 | L17: =IF(K17="","",IF(ISNUMBER(K17),K17,IF(ISNUMBER(SEARCH("/",K17)),DATE(VALUE(RIGHT(K17,4)),VALUE(MID(K17,4,2)),VALUE(LEFT(K17,2))),DATE(VALUE(LEFT(K17,4)),VALUE(MID(K17,6,2)),VALUE(RIGHT(K17,2)))))) -> 45597 | M17: 45773 | N17: =IF(M17="","",IF(ISNUMBER(M17),M17,IF(ISNUMBER(SEARCH("/",M17)),DATE(VALUE(RIGHT(M17,4)),VALUE(MID(M17,4,2)),VALUE(LEFT(M17,2))),DATE(VALUE(LEFT(M17,4)),VALUE(MID(M17,6,2)),VALUE(RIGHT(M17,2)))))) -> 45773 | O17: 45720 | P17: =IF(O17="","",IF(ISNUMBER(O17),O17,DATE(VALUE(LEFT(O17,4)),VALUE(MID(O17,6,2)),VALUE(RIGHT(O17,2))))) -> 45720 | Q17: 123 | R17: 0 | S17: 1 | T17: 6.2 | U17: Middle East | V17: 10459 | W17: =IF(E17="","",IF(E17="Closed Won","Won",IF(E17="Closed Lost","Lost","Open"))) -> Lost | X17: =_xlfn.XLOOKUP(B17,'Customers'!A:A,'Customers'!E:E,"") -> SMB | Y17: =IF(OR(W17="Won",W17="Lost"),1,0) -> 1 | Z17: =IF(OR(N17="",P17=""),"",P17-N17) -> -53 | AA17: =IF(AND(Y17=1,Z17>30),1,0) -> 0
A18: DL-00017 | B18: CUST-0223 | C18: CMP-378 | D18: WorkHub Core | E18: Closed Lost | F18: $7,222 | G18: =IF(F18="","",IF(RIGHT(UPPER(SUBSTITUTE(SUBSTITUTE(SUBSTITUTE(TRIM(F18),"$",""),",","")," ","")),1)="K",VALUE(LEFT(UPPER(SUBSTITUTE(SUBSTITUTE(SUBSTITUTE(TRIM(F18),"$",""),",","")," ","")),LEN(UPPER(SUBSTITUTE(SUBSTITUTE(SUBSTITUTE(TRIM(F18),"$",""),",","")," ","")))-1))*1000,IF(RIGHT(UPPER(SUBSTITUTE(SUBSTITUTE(SUBSTITUTE(TRIM(F18),"$",""),",","")," ","")),1)="M",VALUE(LEFT(UPPER(SUBSTITUTE(SUBSTITUTE(SUBSTITUTE(TRIM(F18),"$",""),",","")," ","")),LEN(UPPER(SUBSTITUTE(SUBSTITUTE(SUBSTITUTE(TRIM(F18),"$",""),",","")," ","")))-1))*1000000,VALUE(SUBSTITUTE(SUBSTITUTE(SUBSTITUTE(TRIM(F18),"$",""),",","")," ",""))))) -> 7222 | H18: Webinar | I18: Kashish Patla | J18: =PROPER(TRIM(I18)) -> Kashish Patla | K18: 2023-04-08 | L18: =IF(K18="","",IF(ISNUMBER(K18),K18,IF(ISNUMBER(SEARCH("/",K18)),DATE(VALUE(RIGHT(K18,4)),VALUE(MID(K18,4,2)),VALUE(LEFT(K18,2))),DATE(VALUE(LEFT(K18,4)),VALUE(MID(K18,6,2)),VALUE(RIGHT(K18,2)))))) -> 45024 | M18: 45177 | N18: =IF(M18="","",IF(ISNUMBER(M18),M18,IF(ISNUMBER(SEARCH("/",M18)),DATE(VALUE(RIGHT(M18,4)),VALUE(MID(M18,4,2)),VALUE(LEFT(M18,2))),DATE(VALUE(LEFT(M18,4)),VALUE(MID(M18,6,2)),VALUE(RIGHT(M18,2)))))) -> 45177 | O18: 45101 | P18: =IF(O18="","",IF(ISNUMBER(O18),O18,DATE(VALUE(LEFT(O18,4)),VALUE(MID(O18,6,2)),VALUE(RIGHT(O18,2))))) -> 45101 | Q18: 77 | R18: 0 | S18: 1 | T18: 12.2 | U18: South Asia | V18: 7222 | W18: =IF(E18="","",IF(E18="Closed Won","Won",IF(E18="Closed Lost","Lost","Open"))) -> Lost | X18: =_xlfn.XLOOKUP(B18,'Customers'!A:A,'Customers'!E:E,"") -> Mid-Market | Y18: =IF(OR(W18="Won",W18="Lost"),1,0) -> 1 | Z18: =IF(OR(N18="",P18=""),"",P18-N18) -> -76 | AA18: =IF(AND(Y18=1,Z18>30),1,0) -> 0
A19: DL-00018 | B19: CUST-0667 | C19: CMP-335 | D19: WorkHub Core | E19: Demo | F19: $8,134 | G19: =IF(F19="","",IF(RIGHT(UPPER(SUBSTITUTE(SUBSTITUTE(SUBSTITUTE(TRIM(F19),"$",""),",","")," ","")),1)="K",VALUE(LEFT(UPPER(SUBSTITUTE(SUBSTITUTE(SUBSTITUTE(TRIM(F19),"$",""),",","")," ","")),LEN(UPPER(SUBSTITUTE(SUBSTITUTE(SUBSTITUTE(TRIM(F19),"$",""),",","")," ","")))-1))*1000,IF(RIGHT(UPPER(SUBSTITUTE(SUBSTITUTE(SUBSTITUTE(TRIM(F19),"$",""),",","")," ","")),1)="M",VALUE(LEFT(UPPER(SUBSTITUTE(SUBSTITUTE(SUBSTITUTE(TRIM(F19),"$",""),",","")," ","")),LEN(UPPER(SUBSTITUTE(SUBSTITUTE(SUBSTITUTE(TRIM(F19),"$",""),",","")," ","")))-1))*1000000,VALUE(SUBSTITUTE(SUBSTITUTE(SUBSTITUTE(TRIM(F19),"$",""),",","")," ",""))))) -> 8134 | H19: Event | I19: Aachal Soni | J19: =PROPER(TRIM(I19)) -> Aachal Soni | K19: 2024-01-29 | L19: =IF(K19="","",IF(ISNUMBER(K19),K19,IF(ISNUMBER(SEARCH("/",K19)),DATE(VALUE(RIGHT(K19,4)),VALUE(MID(K19,4,2)),VALUE(LEFT(K19,2))),DATE(VALUE(LEFT(K19,4)),VALUE(MID(K19,6,2)),VALUE(RIGHT(K19,2)))))) -> 45320 | M19: 45497 | N19: =IF(M19="","",IF(ISNUMBER(M19),M19,IF(ISNUMBER(SEARCH("/",M19)),DATE(VALUE(RIGHT(M19,4)),VALUE(MID(M19,4,2)),VALUE(LEFT(M19,2))),DATE(VALUE(LEFT(M19,4)),VALUE(MID(M19,6,2)),VALUE(RIGHT(M19,2)))))) -> 45497 | P19: =IF(O19="","",IF(ISNUMBER(O19),O19,DATE(VALUE(LEFT(O19,4)),VALUE(MID(O19,6,2)),VALUE(RIGHT(O19,2))))) | R19: 0 | S19: 1 | U19: Southeast Asia | V19: 8134 | W19: =IF(E19="","",IF(E19="Closed Won","Won",IF(E19="Closed Lost","Lost","Open"))) -> Open | X19: =_xlfn.XLOOKUP(B19,'Customers'!A:A,'Customers'!E:E,"") -> SMB | Y19: =IF(OR(W19="Won",W19="Lost"),1,0) -> 0 | Z19: =IF(OR(N19="",P19=""),"",P19-N19) | AA19: =IF(AND(Y19=1,Z19>30),1,0) -> 0
A20: DL-00019 | B20: CUST-1273 | C20: CMP-339 | D20: WorkHub Pro | E20: Proposal | F20: 46,846 | G20: =IF(F20="","",IF(RIGHT(UPPER(SUBSTITUTE(SUBSTITUTE(SUBSTITUTE(TRIM(F20),"$",""),",","")," ","")),1)="K",VALUE(LEFT(UPPER(SUBSTITUTE(SUBSTITUTE(SUBSTITUTE(TRIM(F20),"$",""),",","")," ","")),LEN(UPPER(SUBSTITUTE(SUBSTITUTE(SUBSTITUTE(TRIM(F20),"$",""),",","")," ","")))-1))*1000,IF(RIGHT(UPPER(SUBSTITUTE(SUBSTITUTE(SUBSTITUTE(TRIM(F20),"$",""),",","")," ","")),1)="M",VALUE(LEFT(UPPER(SUBSTITUTE(SUBSTITUTE(SUBSTITUTE(TRIM(F20),"$",""),",","")," ","")),LEN(UPPER(SUBSTITUTE(SUBSTITUTE(SUBSTITUTE(TRIM(F20),"$",""),",","")," ","")))-1))*1000000,VALUE(SUBSTITUTE(SUBSTITUTE(SUBSTITUTE(TRIM(F20),"$",""),",","")," ",""))))) -> 46846 | H20: Event | I20: Champak Rao | J20: =PROPER(TRIM(I20)) -> Champak Rao | K20: 2023-12-23 | L20: =IF(K20="","",IF(ISNUMBER(K20),K20,IF(ISNUMBER(SEARCH("/",K20)),DATE(VALUE(RIGHT(K20,4)),VALUE(MID(K20,4,2)),VALUE(LEFT(K20,2))),DATE(VALUE(LEFT(K20,4)),VALUE(MID(K20,6,2)),VALUE(RIGHT(K20,2)))))) -> 45283 | M20: 45434 | N20: =IF(M20="","",IF(ISNUMBER(M20),M20,IF(ISNUMBER(SEARCH("/",M20)),DATE(VALUE(RIGHT(M20,4)),VALUE(MID(M20,4,2)),VALUE(LEFT(M20,2))),DATE(VALUE(LEFT(M20,4)),VALUE(MID(M20,6,2)),VALUE(RIGHT(M20,2)))))) -> 45434 | P20: =IF(O20="","",IF(ISNUMBER(O20),O20,DATE(VALUE(LEFT(O20,4)),VALUE(MID(O20,6,2)),VALUE(RIGHT(O20,2))))) | R20: 0 | S20: 1 | T20: 18.9 | U20: South Asia | V20: 46846 | W20: =IF(E20="","",IF(E20="Closed Won","Won",IF(E20="Closed Lost","Lost","Open"))) -> Open | X20: =_xlfn.XLOOKUP(B20,'Customers'!A:A,'Customers'!E:E,"") -> Enterprise | Y20: =IF(OR(W20="Won",W20="Lost"),1,0) -> 0 | Z20: =IF(OR(N20="",P20=""),"",P20-N20) | AA20: =IF(AND(Y20=1,Z20>30),1,0) -> 0
A21: DL-00020 | B21: CUST-1499 | C21: CMP-140 | D21: WorkHub Pro | E21: Closed Won | F21: $33,087 | G21: =IF(F21="","",IF(RIGHT(UPPER(SUBSTITUTE(SUBSTITUTE(SUBSTITUTE(TRIM(F21),"$",""),",","")," ","")),1)="K",VALUE(LEFT(UPPER(SUBSTITUTE(SUBSTITUTE(SUBSTITUTE(TRIM(F21),"$",""),",","")," ","")),LEN(UPPER(SUBSTITUTE(SUBSTITUTE(SUBSTITUTE(TRIM(F21),"$",""),",","")," ","")))-1))*1000,IF(RIGHT(UPPER(SUBSTITUTE(SUBSTITUTE(SUBSTITUTE(TRIM(F21),"$",""),",","")," ","")),1)="M",VALUE(LEFT(UPPER(SUBSTITUTE(SUBSTITUTE(SUBSTITUTE(TRIM(F21),"$",""),",","")," ","")),LEN(UPPER(SUBSTITUTE(SUBSTITUTE(SUBSTITUTE(TRIM(F21),"$",""),",","")," ","")))-1))*1000000,VALUE(SUBSTITUTE(SUBSTITUTE(SUBSTITUTE(TRIM(F21),"$",""),",","")," ",""))))) -> 33087 | H21: Product-Led Signup | I21: Krish Varughese | J21: =PROPER(TRIM(I21)) -> Krish Varughese | K21: 2022-12-16 | L21: =IF(K21="","",IF(ISNUMBER(K21),K21,IF(ISNUMBER(SEARCH("/",K21)),DATE(VALUE(RIGHT(K21,4)),VALUE(MID(K21,4,2)),VALUE(LEFT(K21,2))),DATE(VALUE(LEFT(K21,4)),VALUE(MID(K21,6,2)),VALUE(RIGHT(K21,2)))))) -> 44911 | M21: 44950 | N21: =IF(M21="","",IF(ISNUMBER(M21),M21,IF(ISNUMBER(SEARCH("/",M21)),DATE(VALUE(RIGHT(M21,4)),VALUE(MID(M21,4,2)),VALUE(LEFT(M21,2))),DATE(VALUE(LEFT(M21,4)),VALUE(MID(M21,6,2)),VALUE(RIGHT(M21,2)))))) -> 44950 | O21: 45045 | P21: =IF(O21="","",IF(ISNUMBER(O21),O21,DATE(VALUE(LEFT(O21,4)),VALUE(MID(O21,6,2)),VALUE(RIGHT(O21,2))))) -> 45045 | Q21: 134 | R21: 1 | S21: 2 | T21: 12 | U21: South Asia | V21: 33087 | W21: =IF(E21="","",IF(E21="Closed Won","Won",IF(E21="Closed Lost","Lost","Open"))) -> Won | X21: =_xlfn.XLOOKUP(B21,'Customers'!A:A,'Customers'!E:E,"") -> Mid-Market | Y21: =IF(OR(W21="Won",W21="Lost"),1,0) -> 1 | Z21: =IF(OR(N21="",P21=""),"",P21-N21) -> 95 | AA21: =IF(AND(Y21=1,Z21>30),1,0) -> 1
A22: DL-00021 | B22: CUST-1485 | C22: CMP-012 | D22: WorkHub Enterprise | E22: Closed Lost | F22: 119072 | G22: =IF(F22="","",IF(RIGHT(UPPER(SUBSTITUTE(SUBSTITUTE(SUBSTITUTE(TRIM(F22),"$",""),",","")," ","")),1)="K",VALUE(LEFT(UPPER(SUBSTITUTE(SUBSTITUTE(SUBSTITUTE(TRIM(F22),"$",""),",","")," ","")),LEN(UPPER(SUBSTITUTE(SUBSTITUTE(SUBSTITUTE(TRIM(F22),"$",""),",","")," ","")))-1))*1000,IF(RIGHT(UPPER(SUBSTITUTE(SUBSTITUTE(SUBSTITUTE(TRIM(F22),"$",""),",","")," ","")),1)="M",VALUE(LEFT(UPPER(SUBSTITUTE(SUBSTITUTE(SUBSTITUTE(TRIM(F22),"$",""),",","")," ","")),LEN(UPPER(SUBSTITUTE(SUBSTITUTE(SUBSTITUTE(TRIM(F22),"$",""),",","")," ","")))-1))*1000000,VALUE(SUBSTITUTE(SUBSTITUTE(SUBSTITUTE(TRIM(F22),"$",""),",","")," ",""))))) -> 119072 | H22: Inbound Organic | I22: Nihal Bhasin | J22: =PROPER(TRIM(I22)) -> Nihal Bhasin | K22: 2024-04-23 | L22: =IF(K22="","",IF(ISNUMBER(K22),K22,IF(ISNUMBER(SEARCH("/",K22)),DATE(VALUE(RIGHT(K22,4)),VALUE(MID(K22,4,2)),VALUE(LEFT(K22,2))),DATE(VALUE(LEFT(K22,4)),VALUE(MID(K22,6,2)),VALUE(RIGHT(K22,2)))))) -> 45405 | M22: 45497 | N22: =IF(M22="","",IF(ISNUMBER(M22),M22,IF(ISNUMBER(SEARCH("/",M22)),DATE(VALUE(RIGHT(M22,4)),VALUE(MID(M22,4,2)),VALUE(LEFT(M22,2))),DATE(VALUE(LEFT(M22,4)),VALUE(MID(M22,6,2)),VALUE(RIGHT(M22,2)))))) -> 45497 | O22: 45537 | P22: =IF(O22="","",IF(ISNUMBER(O22),O22,DATE(VALUE(LEFT(O22,4)),VALUE(MID(O22,6,2)),VALUE(RIGHT(O22,2))))) -> 45537 | Q22: 132 | R22: 0 | S22: 1 | T22: 20.1 | U22: East Africa | V22: 119072 | W22: =IF(E22="","",IF(E22="Closed Won","Won",IF(E22="Closed Lost","Lost","Open"))) -> Lost | X22: =_xlfn.XLOOKUP(B22,'Customers'!A:A,'Customers'!E:E,"") -> Mid-Market | Y22: =IF(OR(W22="Won",W22="Lost"),1,0) -> 1 | Z22: =IF(OR(N22="",P22=""),"",P22-N22) -> 40 | AA22: =IF(AND(Y22=1,Z22>30),1,0) -> 1
A23: DL-00022 | B23: CUST-0937 | D23: WorkHub Enterprise | E23: Negotiation | F23: $116,146 | G23: =IF(F23="","",IF(RIGHT(UPPER(SUBSTITUTE(SUBSTITUTE(SUBSTITUTE(TRIM(F23),"$",""),",","")," ","")),1)="K",VALUE(LEFT(UPPER(SUBSTITUTE(SUBSTITUTE(SUBSTITUTE(TRIM(F23),"$",""),",","")," ","")),LEN(UPPER(SUBSTITUTE(SUBSTITUTE(SUBSTITUTE(TRIM(F23),"$",""),",","")," ","")))-1))*1000,IF(RIGHT(UPPER(SUBSTITUTE(SUBSTITUTE(SUBSTITUTE(TRIM(F23),"$",""),",","")," ","")),1)="M",VALUE(LEFT(UPPER(SUBSTITUTE(SUBSTITUTE(SUBSTITUTE(TRIM(F23),"$",""),",","")," ","")),LEN(UPPER(SUBSTITUTE(SUBSTITUTE(SUBSTITUTE(TRIM(F23),"$",""),",","")," ","")))-1))*1000000,VALUE(SUBSTITUTE(SUBSTITUTE(SUBSTITUTE(TRIM(F23),"$",""),",","")," ",""))))) -> 116146 | H23: Event | I23: Lakshmi Hayre | J23: =PROPER(TRIM(I23)) -> Lakshmi Hayre | K23: 2023-08-06 | L23: =IF(K23="","",IF(ISNUMBER(K23),K23,IF(ISNUMBER(SEARCH("/",K23)),DATE(VALUE(RIGHT(K23,4)),VALUE(MID(K23,4,2)),VALUE(LEFT(K23,2))),DATE(VALUE(LEFT(K23,4)),VALUE(MID(K23,6,2)),VALUE(RIGHT(K23,2)))))) -> 45144 | M23: 45289 | N23: =IF(M23="","",IF(ISNUMBER(M23),M23,IF(ISNUMBER(SEARCH("/",M23)),DATE(VALUE(RIGHT(M23,4)),VALUE(MID(M23,4,2)),VALUE(LEFT(M23,2))),DATE(VALUE(LEFT(M23,4)),VALUE(MID(M23,6,2)),VALUE(RIGHT(M23,2)))))) -> 45289 | P23: =IF(O23="","",IF(ISNUMBER(O23),O23,DATE(VALUE(LEFT(O23,4)),VALUE(MID(O23,6,2)),VALUE(RIGHT(O23,2))))) | R23: 0 | S23: 1 | T23: 21.3 | U23: ANZ | V23: 116146 | W23: =IF(E23="","",IF(E23="Closed Won","Won",IF(E23="Closed Lost","Lost","Open"))) -> Open | X23: =_xlfn.XLOOKUP(B23,'Customers'!A:A,'Customers'!E:E,"") -> Mid-Market | Y23: =IF(OR(W23="Won",W23="Lost"),1,0) -> 0 | Z23: =IF(OR(N23="",P23=""),"",P23-N23) | AA23: =IF(AND(Y23=1,Z23>30),1,0) -> 0
A24: DL-00023 | B24: CUST-0939 | D24: API Access | E24: Closed Lost | F24: $23,944 | G24: =IF(F24="","",IF(RIGHT(UPPER(SUBSTITUTE(SUBSTITUTE(SUBSTITUTE(TRIM(F24),"$",""),",","")," ","")),1)="K",VALUE(LEFT(UPPER(SUBSTITUTE(SUBSTITUTE(SUBSTITUTE(TRIM(F24),"$",""),",","")," ","")),LEN(UPPER(SUBSTITUTE(SUBSTITUTE(SUBSTITUTE(TRIM(F24),"$",""),",","")," ","")))-1))*1000,IF(RIGHT(UPPER(SUBSTITUTE(SUBSTITUTE(SUBSTITUTE(TRIM(F24),"$",""),",","")," ","")),1)="M",VALUE(LEFT(UPPER(SUBSTITUTE(SUBSTITUTE(SUBSTITUTE(TRIM(F24),"$",""),",","")," ","")),LEN(UPPER(SUBSTITUTE(SUBSTITUTE(SUBSTITUTE(TRIM(F24),"$",""),",","")," ","")))-1))*1000000,VALUE(SUBSTITUTE(SUBSTITUTE(SUBSTITUTE(TRIM(F24),"$",""),",","")," ",""))))) -> 23944 | H24: Cold Outreach | I24: Karan Karnik | J24: =PROPER(TRIM(I24)) -> Karan Karnik | K24: 2022-08-07 | L24: =IF(K24="","",IF(ISNUMBER(K24),K24,IF(ISNUMBER(SEARCH("/",K24)),DATE(VALUE(RIGHT(K24,4)),VALUE(MID(K24,4,2)),VALUE(LEFT(K24,2))),DATE(VALUE(LEFT(K24,4)),VALUE(MID(K24,6,2)),VALUE(RIGHT(K24,2)))))) -> 44780 | M24: 44944 | N24: =IF(M24="","",IF(ISNUMBER(M24),M24,IF(ISNUMBER(SEARCH("/",M24)),DATE(VALUE(RIGHT(M24,4)),VALUE(MID(M24,4,2)),VALUE(LEFT(M24,2))),DATE(VALUE(LEFT(M24,4)),VALUE(MID(M24,6,2)),VALUE(RIGHT(M24,2)))))) -> 44944 | O24: 44867 | P24: =IF(O24="","",IF(ISNUMBER(O24),O24,DATE(VALUE(LEFT(O24,4)),VALUE(MID(O24,6,2)),VALUE(RIGHT(O24,2))))) -> 44867 | Q24: 87 | R24: 0 | S24: 1 | U24: East Africa | V24: 23944 | W24: =IF(E24="","",IF(E24="Closed Won","Won",IF(E24="Closed Lost","Lost","Open"))) -> Lost | X24: =_xlfn.XLOOKUP(B24,'Customers'!A:A,'Customers'!E:E,"") -> SMB | Y24: =IF(OR(W24="Won",W24="Lost"),1,0) -> 1 | Z24: =IF(OR(N24="",P24=""),"",P24-N24) -> -77 | AA24: =IF(AND(Y24=1,Z24>30),1,0) -> 0
A25: DL-00024 | B25: CUST-0021 | C25: CMP-130 | D25: WorkHub Enterprise | E25: Closed Lost | F25: 115K | G25: =IF(F25="","",IF(RIGHT(UPPER(SUBSTITUTE(SUBSTITUTE(SUBSTITUTE(TRIM(F25),"$",""),",","")," ","")),1)="K",VALUE(LEFT(UPPER(SUBSTITUTE(SUBSTITUTE(SUBSTITUTE(TRIM(F25),"$",""),",","")," ","")),LEN(UPPER(SUBSTITUTE(SUBSTITUTE(SUBSTITUTE(TRIM(F25),"$",""),",","")," ","")))-1))*1000,IF(RIGHT(UPPER(SUBSTITUTE(SUBSTITUTE(SUBSTITUTE(TRIM(F25),"$",""),",","")," ","")),1)="M",VALUE(LEFT(UPPER(SUBSTITUTE(SUBSTITUTE(SUBSTITUTE(TRIM(F25),"$",""),",","")," ","")),LEN(UPPER(SUBSTITUTE(SUBSTITUTE(SUBSTITUTE(TRIM(F25),"$",""),",","")," ","")))-1))*1000000,VALUE(SUBSTITUTE(SUBSTITUTE(SUBSTITUTE(TRIM(F25),"$",""),",","")," ",""))))) -> 115000 | H25: Paid Search | I25: Amruta Sinha | J25: =PROPER(TRIM(I25)) -> Amruta Sinha | K25: 2024-03-23 | L25: =IF(K25="","",IF(ISNUMBER(K25),K25,IF(ISNUMBER(SEARCH("/",K25)),DATE(VALUE(RIGHT(K25,4)),VALUE(MID(K25,4,2)),VALUE(LEFT(K25,2))),DATE(VALUE(LEFT(K25,4)),VALUE(MID(K25,6,2)),VALUE(RIGHT(K25,2)))))) -> 45374 | N25: =IF(M25="","",IF(ISNUMBER(M25),M25,IF(ISNUMBER(SEARCH("/",M25)),DATE(VALUE(RIGHT(M25,4)),VALUE(MID(M25,4,2)),VALUE(LEFT(M25,2))),DATE(VALUE(LEFT(M25,4)),VALUE(MID(M25,6,2)),VALUE(RIGHT(M25,2)))))) | O25: 45533 | P25: =IF(O25="","",IF(ISNUMBER(O25),O25,DATE(VALUE(LEFT(O25,4)),VALUE(MID(O25,6,2)),VALUE(RIGHT(O25,2))))) -> 45533 | Q25: 159 | R25: 0 | S25: 1 | T25: 6.3 | U25: South Asia | V25: 115000 | W25: =IF(E25="","",IF(E25="Closed Won","Won",IF(E25="Closed Lost","Lost","Open"))) -> Lost | X25: =_xlfn.XLOOKUP(B25,'Customers'!A:A,'Customers'!E:E,"") -> SMB | Y25: =IF(OR(W25="Won",W25="Lost"),1,0) -> 1 | Z25: =IF(OR(N25="",P25=""),"",P25-N25) | AA25: =IF(AND(Y25=1,Z25>30),1,0) -> 1
A26: DL-00025 | B26: CUST-0002 | C26: CMP-055 | D26: API Access | E26: Closed Lost | F26: 17,202 | G26: =IF(F26="","",IF(RIGHT(UPPER(SUBSTITUTE(SUBSTITUTE(SUBSTITUTE(TRIM(F26),"$",""),",","")," ","")),1)="K",VALUE(LEFT(UPPER(SUBSTITUTE(SUBSTITUTE(SUBSTITUTE(TRIM(F26),"$",""),",","")," ","")),LEN(UPPER(SUBSTITUTE(SUBSTITUTE(SUBSTITUTE(TRIM(F26),"$",""),",","")," ","")))-1))*1000,IF(RIGHT(UPPER(SUBSTITUTE(SUBSTITUTE(SUBSTITUTE(TRIM(F26),"$",""),",","")," ","")),1)="M",VALUE(LEFT(UPPER(SUBSTITUTE(SUBSTITUTE(SUBSTITUTE(TRIM(F26),"$",""),",","")," ","")),LEN(UPPER(SUBSTITUTE(SUBSTITUTE(SUBSTITUTE(TRIM(F26),"$",""),",","")," ","")))-1))*1000000,VALUE(SUBSTITUTE(SUBSTITUTE(SUBSTITUTE(TRIM(F26),"$",""),",","")," ",""))))) -> 17202 | H26: Content Download | I26: Karan Karnik | J26: =PROPER(TRIM(I26)) -> Karan Karnik | K26: 2023-09-17 | L26: =IF(K26="","",IF(ISNUMBER(K26),K26,IF(ISNUMBER(SEARCH("/",K26)),DATE(VALUE(RIGHT(K26,4)),VALUE(MID(K26,4,2)),VALUE(LEFT(K26,2))),DATE(VALUE(LEFT(K26,4)),VALUE(MID(K26,6,2)),VALUE(RIGHT(K26,2)))))) -> 45186 | M26: 45261 | N26: =IF(M26="","",IF(ISNUMBER(M26),M26,IF(ISNUMBER(SEARCH("/",M26)),DATE(VALUE(RIGHT(M26,4)),VALUE(MID(M26,4,2)),VALUE(LEFT(M26,2))),DATE(VALUE(LEFT(M26,4)),VALUE(MID(M26,6,2)),VALUE(RIGHT(M26,2)))))) -> 45261 | O26: 45327 | P26: =IF(O26="","",IF(ISNUMBER(O26),O26,DATE(VALUE(LEFT(O26,4)),VALUE(MID(O26,6,2)),VALUE(RIGHT(O26,2))))) -> 45327 | Q26: 141 | R26: 0 | S26: 1 | T26: 9.2 | U26: ANZ | V26: 17202 | W26: =IF(E26="","",IF(E26="Closed Won","Won",IF(E26="Closed Lost","Lost","Open"))) -> Lost | X26: =_xlfn.XLOOKUP(B26,'Customers'!A:A,'Customers'!E:E,"") -> Enterprise | Y26: =IF(OR(W26="Won",W26="Lost"),1,0) -> 1 | Z26: =IF(OR(N26="",P26=""),"",P26-N26) -> 66 | AA26: =IF(AND(Y26=1,Z26>30),1,0) -> 1
A27: DL-00026 | B27: CUST-0485 | C27: CMP-399 | D27: WorkHub Core | E27: Qualification | F27: $1,586 | G27: =IF(F27="","",IF(RIGHT(UPPER(SUBSTITUTE(SUBSTITUTE(SUBSTITUTE(TRIM(F27),"$",""),",","")," ","")),1)="K",VALUE(LEFT(UPPER(SUBSTITUTE(SUBSTITUTE(SUBSTITUTE(TRIM(F27),"$",""),",","")," ","")),LEN(UPPER(SUBSTITUTE(SUBSTITUTE(SUBSTITUTE(TRIM(F27),"$",""),",","")," ","")))-1))*1000,IF(RIGHT(UPPER(SUBSTITUTE(SUBSTITUTE(SUBSTITUTE(TRIM(F27),"$",""),",","")," ","")),1)="M",VALUE(LEFT(UPPER(SUBSTITUTE(SUBSTITUTE(SUBSTITUTE(TRIM(F27),"$",""),",","")," ","")),LEN(UPPER(SUBSTITUTE(SUBSTITUTE(SUBSTITUTE(TRIM(F27),"$",""),",","")," ","")))-1))*1000000,VALUE(SUBSTITUTE(SUBSTITUTE(SUBSTITUTE(TRIM(F27),"$",""),",","")," ",""))))) -> 1586 | H27: Event | I27: krish varughese | J27: =PROPER(TRIM(I27)) -> Krish Varughese | K27: 12/03/2023 | L27: =IF(K27="","",IF(ISNUMBER(K27),K27,IF(ISNUMBER(SEARCH("/",K27)),DATE(VALUE(RIGHT(K27,4)),VALUE(MID(K27,4,2)),VALUE(LEFT(K27,2))),DATE(VALUE(LEFT(K27,4)),VALUE(MID(K27,6,2)),VALUE(RIGHT(K27,2)))))) -> 44997 | M27: 45111 | N27: =IF(M27="","",IF(ISNUMBER(M27),M27,IF(ISNUMBER(SEARCH("/",M27)),DATE(VALUE(RIGHT(M27,4)),VALUE(MID(M27,4,2)),VALUE(LEFT(M27,2))),DATE(VALUE(LEFT(M27,4)),VALUE(MID(M27,6,2)),VALUE(RIGHT(M27,2)))))) -> 45111 | P27: =IF(O27="","",IF(ISNUMBER(O27),O27,DATE(VALUE(LEFT(O27,4)),VALUE(MID(O27,6,2)),VALUE(RIGHT(O27,2))))) | R27: 0 | S27: 1 | T27: 14.1 | U27: Southeast Asia | V27: 1586 | W27: =IF(E27="","",IF(E27="Closed Won","Won",IF(E27="Closed Lost","Lost","Open"))) -> Open | X27: =_xlfn.XLOOKUP(B27,'Customers'!A:A,'Customers'!E:E,"") -> SMB | Y27: =IF(OR(W27="Won",W27="Lost"),1,0) -> 0 | Z27: =IF(OR(N27="",P27=""),"",P27-N27) | AA27: =IF(AND(Y27=1,Z27>30),1,0) -> 0
A28: DL-00027 | B28: CUST-0733 | D28: Analytics Add-on | E28: Demo | F28: 8K | G28: =IF(F28="","",IF(RIGHT(UPPER(SUBSTITUTE(SUBSTITUTE(SUBSTITUTE(TRIM(F28),"$",""),",","")," ","")),1)="K",VALUE(LEFT(UPPER(SUBSTITUTE(SUBSTITUTE(SUBSTITUTE(TRIM(F28),"$",""),",","")," ","")),LEN(UPPER(SUBSTITUTE(SUBSTITUTE(SUBSTITUTE(TRIM(F28),"$",""),",","")," ","")))-1))*1000,IF(RIGHT(UPPER(SUBSTITUTE(SUBSTITUTE(SUBSTITUTE(TRIM(F28),"$",""),",","")," ","")),1)="M",VALUE(LEFT(UPPER(SUBSTITUTE(SUBSTITUTE(SUBSTITUTE(TRIM(F28),"$",""),",","")," ","")),LEN(UPPER(SUBSTITUTE(SUBSTITUTE(SUBSTITUTE(TRIM(F28),"$",""),",","")," ","")))-1))*1000000,VALUE(SUBSTITUTE(SUBSTITUTE(SUBSTITUTE(TRIM(F28),"$",""),",","")," ",""))))) -> 8000 | H28: Content Download | I28: Lakshmi Hayre | J28: =PROPER(TRIM(I28)) -> Lakshmi Hayre | K28: 2023-08-26 | L28: =IF(K28="","",IF(ISNUMBER(K28),K28,IF(ISNUMBER(SEARCH("/",K28)),DATE(VALUE(RIGHT(K28,4)),VALUE(MID(K28,4,2)),VALUE(LEFT(K28,2))),DATE(VALUE(LEFT(K28,4)),VALUE(MID(K28,6,2)),VALUE(RIGHT(K28,2)))))) -> 45164 | M28: 45307 | N28: =IF(M28="","",IF(ISNUMBER(M28),M28,IF(ISNUMBER(SEARCH("/",M28)),DATE(VALUE(RIGHT(M28,4)),VALUE(MID(M28,4,2)),VALUE(LEFT(M28,2))),DATE(VALUE(LEFT(M28,4)),VALUE(MID(M28,6,2)),VALUE(RIGHT(M28,2)))))) -> 45307 | P28: =IF(O28="","",IF(ISNUMBER(O28),O28,DATE(VALUE(LEFT(O28,4)),VALUE(MID(O28,6,2)),VALUE(RIGHT(O28,2))))) | R28: 0 | S28: 1 | T28: 32 | U28: ANZ | V28: 8000 | W28: =IF(E28="","",IF(E28="Closed Won","Won",IF(E28="Closed Lost","Lost","Open"))) -> Open | X28: =_xlfn.XLOOKUP(B28,'Customers'!A:A,'Customers'!E:E,"") -> SMB | Y28: =IF(OR(W28="Won",W28="Lost"),1,0) -> 0 | Z28: =IF(OR(N28="",P28=""),"",P28-N28) | AA28: =IF(AND(Y28=1,Z28>30),1,0) -> 0
A29: DL-00028 | B29: CUST-1317 | D29: WorkHub Core | E29: Prospecting | F29: $8,919 | G29: =IF(F29="","",IF(RIGHT(UPPER(SUBSTITUTE(SUBSTITUTE(SUBSTITUTE(TRIM(F29),"$",""),",","")," ","")),1)="K",VALUE(LEFT(UPPER(SUBSTITUTE(SUBSTITUTE(SUBSTITUTE(TRIM(F29),"$",""),",","")," ","")),LEN(UPPER(SUBSTITUTE(SUBSTITUTE(SUBSTITUTE(TRIM(F29),"$",""),",","")," ","")))-1))*1000,IF(RIGHT(UPPER(SUBSTITUTE(SUBSTITUTE(SUBSTITUTE(TRIM(F29),"$",""),",","")," ","")),1)="M",VALUE(LEFT(UPPER(SUBSTITUTE(SUBSTITUTE(SUBSTITUTE(TRIM(F29),"$",""),",","")," ","")),LEN(UPPER(SUBSTITUTE(SUBSTITUTE(SUBSTITUTE(TRIM(F29),"$",""),",","")," ","")))-1))*1000000,VALUE(SUBSTITUTE(SUBSTITUTE(SUBSTITUTE(TRIM(F29),"$",""),",","")," ",""))))) -> 8919 | H29: Webinar | I29: Champak Rao | J29: =PROPER(TRIM(I29)) -> Champak Rao | K29: 2023-07-10 | L29: =IF(K29="","",IF(ISNUMBER(K29),K29,IF(ISNUMBER(SEARCH("/",K29)),DATE(VALUE(RIGHT(K29,4)),VALUE(MID(K29,4,2)),VALUE(LEFT(K29,2))),DATE(VALUE(LEFT(K29,4)),VALUE(MID(K29,6,2)),VALUE(RIGHT(K29,2)))))) -> 45117 | M29: 45196 | N29: =IF(M29="","",IF(ISNUMBER(M29),M29,IF(ISNUMBER(SEARCH("/",M29)),DATE(VALUE(RIGHT(M29,4)),VALUE(MID(M29,4,2)),VALUE(LEFT(M29,2))),DATE(VALUE(LEFT(M29,4)),VALUE(MID(M29,6,2)),VALUE(RIGHT(M29,2)))))) -> 45196 | P29: =IF(O29="","",IF(ISNUMBER(O29),O29,DATE(VALUE(LEFT(O29,4)),VALUE(MID(O29,6,2)),VALUE(RIGHT(O29,2))))) | R29: 0 | S29: 1 | U29: Middle East | V29: 8919 | W29: =IF(E29="","",IF(E29="Closed Won","Won",IF(E29="Closed Lost","Lost","Open"))) -> Open | X29: =_xlfn.XLOOKUP(B29,'Customers'!A:A,'Customers'!E:E,"") -> Enterprise | Y29: =IF(OR(W29="Won",W29="Lost"),1,0) -> 0 | Z29: =IF(OR(N29="",P29=""),"",P29-N29) | AA29: =IF(AND(Y29=1,Z29>30),1,0) -> 0
A30: DL-00029 | B30: CUST-1145 | C30: CMP-218 | D30: Analytics Add-on | E30: Closed Won | F30: $11,849 | G30: =IF(F30="","",IF(RIGHT(UPPER(SUBSTITUTE(SUBSTITUTE(SUBSTITUTE(TRIM(F30),"$",""),",","")," ","")),1)="K",VALUE(LEFT(UPPER(SUBSTITUTE(SUBSTITUTE(SUBSTITUTE(TRIM(F30),"$",""),",","")," ","")),LEN(UPPER(SUBSTITUTE(SUBSTITUTE(SUBSTITUTE(TRIM(F30),"$",""),",","")," ","")))-1))*1000,IF(RIGHT(UPPER(SUBSTITUTE(SUBSTITUTE(SUBSTITUTE(TRIM(F30),"$",""),",","")," ","")),1)="M",VALUE(LEFT(UPPER(SUBSTITUTE(SUBSTITUTE(SUBSTITUTE(TRIM(F30),"$",""),",","")," ","")),LEN(UPPER(SUBSTITUTE(SUBSTITUTE(SUBSTITUTE(TRIM(F30),"$",""),",","")," ","")))-1))*1000000,VALUE(SUBSTITUTE(SUBSTITUTE(SUBSTITUTE(TRIM(F30),"$",""),",","")," ",""))))) -> 11849 | H30: Cold Outreach | I30: ati seshadri | J30: =PROPER(TRIM(I30)) -> Ati Seshadri | K30: 2022-10-18 | L30: =IF(K30="","",IF(ISNUMBER(K30),K30,IF(ISNUMBER(SEARCH("/",K30)),DATE(VALUE(RIGHT(K30,4)),VALUE(MID(K30,4,2)),VALUE(LEFT(K30,2))),DATE(VALUE(LEFT(K30,4)),VALUE(MID(K30,6,2)),VALUE(RIGHT(K30,2)))))) -> 44852 | M30: 44949 | N30: =IF(M30="","",IF(ISNUMBER(M30),M30,IF(ISNUMBER(SEARCH("/",M30)),DATE(VALUE(RIGHT(M30,4)),VALUE(MID(M30,4,2)),VALUE(LEFT(M30,2))),DATE(VALUE(LEFT(M30,4)),VALUE(MID(M30,6,2)),VALUE(RIGHT(M30,2)))))) -> 44949 | O30: 45028 | P30: =IF(O30="","",IF(ISNUMBER(O30),O30,DATE(VALUE(LEFT(O30,4)),VALUE(MID(O30,6,2)),VALUE(RIGHT(O30,2))))) -> 45028 | Q30: 176 | R30: 0 | S30: 1 | T30: 30.5 | U30: Southeast Asia | V30: 11849 | W30: =IF(E30="","",IF(E30="Closed Won","Won",IF(E30="Closed Lost","Lost","Open"))) -> Won | X30: =_xlfn.XLOOKUP(B30,'Customers'!A:A,'Customers'!E:E,"") -> Mid-Market | Y30: =IF(OR(W30="Won",W30="Lost"),1,0) -> 1 | Z30: =IF(OR(N30="",P30=""),"",P30-N30) -> 79 | AA30: =IF(AND(Y30=1,Z30>30),1,0) -> 1
A31: DL-00030 | B31: CUST-0371 | C31: CMP-351 | D31: WorkHub Core | E31: Negotiation | F31: $7,862 | G31: =IF(F31="","",IF(RIGHT(UPPER(SUBSTITUTE(SUBSTITUTE(SUBSTITUTE(TRIM(F31),"$",""),",","")," ","")),1)="K",VALUE(LEFT(UPPER(SUBSTITUTE(SUBSTITUTE(SUBSTITUTE(TRIM(F31),"$",""),",","")," ","")),LEN(UPPER(SUBSTITUTE(SUBSTITUTE(SUBSTITUTE(TRIM(F31),"$",""),",","")," ","")))-1))*1000,IF(RIGHT(UPPER(SUBSTITUTE(SUBSTITUTE(SUBSTITUTE(TRIM(F31),"$",""),",","")," ","")),1)="M",VALUE(LEFT(UPPER(SUBSTITUTE(SUBSTITUTE(SUBSTITUTE(TRIM(F31),"$",""),",","")," ","")),LEN(UPPER(SUBSTITUTE(SUBSTITUTE(SUBSTITUTE(TRIM(F31),"$",""),",","")," ","")))-1))*1000000,VALUE(SUBSTITUTE(SUBSTITUTE(SUBSTITUTE(TRIM(F31),"$",""),",","")," ",""))))) -> 7862 | H31: Cold Outreach | I31: Anamika Keer | J31: =PROPER(TRIM(I31)) -> Anamika Keer | K31: 2024-06-19 | L31: =IF(K31="","",IF(ISNUMBER(K31),K31,IF(ISNUMBER(SEARCH("/",K31)),DATE(VALUE(RIGHT(K31,4)),VALUE(MID(K31,4,2)),VALUE(LEFT(K31,2))),DATE(VALUE(LEFT(K31,4)),VALUE(MID(K31,6,2)),VALUE(RIGHT(K31,2)))))) -> 45462 | M31: 45555 | N31: =IF(M31="","",IF(ISNUMBER(M31),M31,IF(ISNUMBER(SEARCH("/",M31)),DATE(VALUE(RIGHT(M31,4)),VALUE(MID(M31,4,2)),VALUE(LEFT(M31,2))),DATE(VALUE(LEFT(M31,4)),VALUE(MID(M31,6,2)),VALUE(RIGHT(M31,2)))))) -> 45555 | P31: =IF(O31="","",IF(ISNUMBER(O31),O31,DATE(VALUE(LEFT(O31,4)),VALUE(MID(O31,6,2)),VALUE(RIGHT(O31,2))))) | R31: 0 | S31: 1 | T31: 13.6 | U31: Middle East | V31: 7862 | W31: =IF(E31="","",IF(E31="Closed Won","Won",IF(E31="Closed Lost","Lost","Open"))) -> Open | X31: =_xlfn.XLOOKUP(B31,'Customers'!A:A,'Customers'!E:E,"") -> Mid-Market | Y31: =IF(OR(W31="Won",W31="Lost"),1,0) -> 0 | Z31: =IF(OR(N31="",P31=""),"",P31-N31) | AA31: =IF(AND(Y31=1,Z31>30),1,0) -> 0
A32: DL-00031 | B32: CUST-1231 | D32: Analytics Add-on | E32: Demo | F32: $14,033 | G32: =IF(F32="","",IF(RIGHT(UPPER(SUBSTITUTE(SUBSTITUTE(SUBSTITUTE(TRIM(F32),"$",""),",","")," ","")),1)="K",VALUE(LEFT(UPPER(SUBSTITUTE(SUBSTITUTE(SUBSTITUTE(TRIM(F32),"$",""),",","")," ","")),LEN(UPPER(SUBSTITUTE(SUBSTITUTE(SUBSTITUTE(TRIM(F32),"$",""),",","")," ","")))-1))*1000,IF(RIGHT(UPPER(SUBSTITUTE(SUBSTITUTE(SUBSTITUTE(TRIM(F32),"$",""),",","")," ","")),1)="M",VALUE(LEFT(UPPER(SUBSTITUTE(SUBSTITUTE(SUBSTITUTE(TRIM(F32),"$",""),",","")," ","")),LEN(UPPER(SUBSTITUTE(SUBSTITUTE(SUBSTITUTE(TRIM(F32),"$",""),",","")," ","")))-1))*1000000,VALUE(SUBSTITUTE(SUBSTITUTE(SUBSTITUTE(TRIM(F32),"$",""),",","")," ",""))))) -> 14033 | H32: Paid Search | I32: Anamika Keer | J32: =PROPER(TRIM(I32)) -> Anamika Keer | K32: 2022-06-17 | L32: =IF(K32="","",IF(ISNUMBER(K32),K32,IF(ISNUMBER(SEARCH("/",K32)),DATE(VALUE(RIGHT(K32,4)),VALUE(MID(K32,4,2)),VALUE(LEFT(K32,2))),DATE(VALUE(LEFT(K32,4)),VALUE(MID(K32,6,2)),VALUE(RIGHT(K32,2)))))) -> 44729 | M32: 44833 | N32: =IF(M32="","",IF(ISNUMBER(M32),M32,IF(ISNUMBER(SEARCH("/",M32)),DATE(VALUE(RIGHT(M32,4)),VALUE(MID(M32,4,2)),VALUE(LEFT(M32,2))),DATE(VALUE(LEFT(M32,4)),VALUE(MID(M32,6,2)),VALUE(RIGHT(M32,2)))))) -> 44833 | P32: =IF(O32="","",IF(ISNUMBER(O32),O32,DATE(VALUE(LEFT(O32,4)),VALUE(MID(O32,6,2)),VALUE(RIGHT(O32,2))))) | R32: 0 | S32: 1 | T32: 5.8 | U32: Southeast Asia | V32: 14033 | W32: =IF(E32="","",IF(E32="Closed Won","Won",IF(E32="Closed Lost","Lost","Open"))) -> Open | X32: =_xlfn.XLOOKUP(B32,'Customers'!A:A,'Customers'!E:E,"") -> Mid-Market | Y32: =IF(OR(W32="Won",W32="Lost"),1,0) -> 0 | Z32: =IF(OR(N32="",P32=""),"",P32-N32) | AA32: =IF(AND(Y32=1,Z32>30),1,0) -> 0
A33: DL-00032 | B33: CUST-1349 | C33: CMP-285 | D33: WorkHub Pro | E33: Closed Lost | F33: 28595 | G33: =IF(F33="","",IF(RIGHT(UPPER(SUBSTITUTE(SUBSTITUTE(SUBSTITUTE(TRIM(F33),"$",""),",","")," ","")),1)="K",VALUE(LEFT(UPPER(SUBSTITUTE(SUBSTITUTE(SUBSTITUTE(TRIM(F33),"$",""),",","")," ","")),LEN(UPPER(SUBSTITUTE(SUBSTITUTE(SUBSTITUTE(TRIM(F33),"$",""),",","")," ","")))-1))*1000,IF(RIGHT(UPPER(SUBSTITUTE(SUBSTITUTE(SUBSTITUTE(TRIM(F33),"$",""),",","")," ","")),1)="M",VALUE(LEFT(UPPER(SUBSTITUTE(SUBSTITUTE(SUBSTITUTE(TRIM(F33),"$",""),",","")," ","")),LEN(UPPER(SUBSTITUTE(SUBSTITUTE(SUBSTITUTE(TRIM(F33),"$",""),",","")," ","")))-1))*1000000,VALUE(SUBSTITUTE(SUBSTITUTE(SUBSTITUTE(TRIM(F33),"$",""),",","")," ",""))))) -> 28595 | H33: Paid Search | I33: Aachal Soni | J33: =PROPER(TRIM(I33)) -> Aachal Soni | K33: 2024-08-06 | L33: =IF(K33="","",IF(ISNUMBER(K33),K33,IF(ISNUMBER(SEARCH("/",K33)),DATE(VALUE(RIGHT(K33,4)),VALUE(MID(K33,4,2)),VALUE(LEFT(K33,2))),DATE(VALUE(LEFT(K33,4)),VALUE(MID(K33,6,2)),VALUE(RIGHT(K33,2)))))) -> 45510 | M33: 45594 | N33: =IF(M33="","",IF(ISNUMBER(M33),M33,IF(ISNUMBER(SEARCH("/",M33)),DATE(VALUE(RIGHT(M33,4)),VALUE(MID(M33,4,2)),VALUE(LEFT(M33,2))),DATE(VALUE(LEFT(M33,4)),VALUE(MID(M33,6,2)),VALUE(RIGHT(M33,2)))))) -> 45594 | O33: 45669 | P33: =IF(O33="","",IF(ISNUMBER(O33),O33,DATE(VALUE(LEFT(O33,4)),VALUE(MID(O33,6,2)),VALUE(RIGHT(O33,2))))) -> 45669 | Q33: 159 | R33: 0 | S33: 1 | T33: 25.6 | U33: Middle East | V33: 28595 | W33: =IF(E33="","",IF(E33="Closed Won","Won",IF(E33="Closed Lost","Lost","Open"))) -> Lost | X33: =_xlfn.XLOOKUP(B33,'Customers'!A:A,'Customers'!E:E,"") -> Mid-Market | Y33: =IF(OR(W33="Won",W33="Lost"),1,0) -> 1 | Z33: =IF(OR(N33="",P33=""),"",P33-N33) -> 75 | AA33: =IF(AND(Y33=1,Z33>30),1,0) -> 1
A34: DL-00033 | B34: CUST-0351 | D34: WorkHub Pro | E34: Negotiation | F34: $13,494 | G34: =IF(F34="","",IF(RIGHT(UPPER(SUBSTITUTE(SUBSTITUTE(SUBSTITUTE(TRIM(F34),"$",""),",","")," ","")),1)="K",VALUE(LEFT(UPPER(SUBSTITUTE(SUBSTITUTE(SUBSTITUTE(TRIM(F34),"$",""),",","")," ","")),LEN(UPPER(SUBSTITUTE(SUBSTITUTE(SUBSTITUTE(TRIM(F34),"$",""),",","")," ","")))-1))*1000,IF(RIGHT(UPPER(SUBSTITUTE(SUBSTITUTE(SUBSTITUTE(TRIM(F34),"$",""),",","")," ","")),1)="M",VALUE(LEFT(UPPER(SUBSTITUTE(SUBSTITUTE(SUBSTITUTE(TRIM(F34),"$",""),",","")," ","")),LEN(UPPER(SUBSTITUTE(SUBSTITUTE(SUBSTITUTE(TRIM(F34),"$",""),",","")," ","")))-1))*1000000,VALUE(SUBSTITUTE(SUBSTITUTE(SUBSTITUTE(TRIM(F34),"$",""),",","")," ",""))))) -> 13494 | H34: Partner Referral | I34: Ati Seshadri | J34: =PROPER(TRIM(I34)) -> Ati Seshadri | K34: 2023-10-03 | L34: =IF(K34="","",IF(ISNUMBER(K34),K34,IF(ISNUMBER(SEARCH("/",K34)),DATE(VALUE(RIGHT(K34,4)),VALUE(MID(K34,4,2)),VALUE(LEFT(K34,2))),DATE(VALUE(LEFT(K34,4)),VALUE(MID(K34,6,2)),VALUE(RIGHT(K34,2)))))) -> 45202 | M34: 45345 | N34: =IF(M34="","",IF(ISNUMBER(M34),M34,IF(ISNUMBER(SEARCH("/",M34)),DATE(VALUE(RIGHT(M34,4)),VALUE(MID(M34,4,2)),VALUE(LEFT(M34,2))),DATE(VALUE(LEFT(M34,4)),VALUE(MID(M34,6,2)),VALUE(RIGHT(M34,2)))))) -> 45345 | P34: =IF(O34="","",IF(ISNUMBER(O34),O34,DATE(VALUE(LEFT(O34,4)),VALUE(MID(O34,6,2)),VALUE(RIGHT(O34,2))))) | R34: 0 | S34: 1 | U34: South Asia | V34: 13494 | W34: =IF(E34="","",IF(E34="Closed Won","Won",IF(E34="Closed Lost","Lost","Open"))) -> Open | X34: =_xlfn.XLOOKUP(B34,'Customers'!A:A,'Customers'!E:E,"") -> SMB | Y34: =IF(OR(W34="Won",W34="Lost"),1,0) -> 0 | Z34: =IF(OR(N34="",P34=""),"",P34-N34) | AA34: =IF(AND(Y34=1,Z34>30),1,0) -> 0
A35: DL-00034 | B35: CUST-1305 | C35: CMP-375 | D35: WorkHub Core | E35: Demo | F35: $6,564 | G35: =IF(F35="","",IF(RIGHT(UPPER(SUBSTITUTE(SUBSTITUTE(SUBSTITUTE(TRIM(F35),"$",""),",","")," ","")),1)="K",VALUE(LEFT(UPPER(SUBSTITUTE(SUBSTITUTE(SUBSTITUTE(TRIM(F35),"$",""),",","")," ","")),LEN(UPPER(SUBSTITUTE(SUBSTITUTE(SUBSTITUTE(TRIM(F35),"$",""),",","")," ","")))-1))*1000,IF(RIGHT(UPPER(SUBSTITUTE(SUBSTITUTE(SUBSTITUTE(TRIM(F35),"$",""),",","")," ","")),1)="M",VALUE(LEFT(UPPER(SUBSTITUTE(SUBSTITUTE(SUBSTITUTE(TRIM(F35),"$",""),",","")," ","")),LEN(UPPER(SUBSTITUTE(SUBSTITUTE(SUBSTITUTE(TRIM(F35),"$",""),",","")," ","")))-1))*1000000,VALUE(SUBSTITUTE(SUBSTITUTE(SUBSTITUTE(TRIM(F35),"$",""),",","")," ",""))))) -> 6564 | H35: Paid Search | I35: Lakshmi Hayre | J35: =PROPER(TRIM(I35)) -> Lakshmi Hayre | K35: 2024-01-20 | L35: =IF(K35="","",IF(ISNUMBER(K35),K35,IF(ISNUMBER(SEARCH("/",K35)),DATE(VALUE(RIGHT(K35,4)),VALUE(MID(K35,4,2)),VALUE(LEFT(K35,2))),DATE(VALUE(LEFT(K35,4)),VALUE(MID(K35,6,2)),VALUE(RIGHT(K35,2)))))) -> 45311 | M35: 45362 | N35: =IF(M35="","",IF(ISNUMBER(M35),M35,IF(ISNUMBER(SEARCH("/",M35)),DATE(VALUE(RIGHT(M35,4)),VALUE(MID(M35,4,2)),VALUE(LEFT(M35,2))),DATE(VALUE(LEFT(M35,4)),VALUE(MID(M35,6,2)),VALUE(RIGHT(M35,2)))))) -> 45362 | P35: =IF(O35="","",IF(ISNUMBER(O35),O35,DATE(VALUE(LEFT(O35,4)),VALUE(MID(O35,6,2)),VALUE(RIGHT(O35,2))))) | R35: 0 | S35: 1 | T35: 30.6 | U35: ANZ | V35: 6564 | W35: =IF(E35="","",IF(E35="Closed Won","Won",IF(E35="Closed Lost","Lost","Open"))) -> Open | X35: =_xlfn.XLOOKUP(B35,'Customers'!A:A,'Customers'!E:E,"") -> SMB | Y35: =IF(OR(W35="Won",W35="Lost"),1,0) -> 0 | Z35: =IF(OR(N35="",P35=""),"",P35-N35) | AA35: =IF(AND(Y35=1,Z35>30),1,0) -> 0
A36: DL-00035 | B36: CUST-1190 | C36: CMP-036 | D36: WorkHub Enterprise | E36: Closed Won | F36: 104,006 | G36: =IF(F36="","",IF(RIGHT(UPPER(SUBSTITUTE(SUBSTITUTE(SUBSTITUTE(TRIM(F36),"$",""),",","")," ","")),1)="K",VALUE(LEFT(UPPER(SUBSTITUTE(SUBSTITUTE(SUBSTITUTE(TRIM(F36),"$",""),",","")," ","")),LEN(UPPER(SUBSTITUTE(SUBSTITUTE(SUBSTITUTE(TRIM(F36),"$",""),",","")," ","")))-1))*1000,IF(RIGHT(UPPER(SUBSTITUTE(SUBSTITUTE(SUBSTITUTE(TRIM(F36),"$",""),",","")," ","")),1)="M",VALUE(LEFT(UPPER(SUBSTITUTE(SUBSTITUTE(SUBSTITUTE(TRIM(F36),"$",""),",","")," ","")),LEN(UPPER(SUBSTITUTE(SUBSTITUTE(SUBSTITUTE(TRIM(F36),"$",""),",","")," ","")))-1))*1000000,VALUE(SUBSTITUTE(SUBSTITUTE(SUBSTITUTE(TRIM(F36),"$",""),",","")," ",""))))) -> 104006 | H36: Event | I36: Karan Karnik | J36: =PROPER(TRIM(I36)) -> Karan Karnik | K36: 2022-03-17 | L36: =IF(K36="","",IF(ISNUMBER(K36),K36,IF(ISNUMBER(SEARCH("/",K36)),DATE(VALUE(RIGHT(K36,4)),VALUE(MID(K36,4,2)),VALUE(LEFT(K36,2))),DATE(VALUE(LEFT(K36,4)),VALUE(MID(K36,6,2)),VALUE(RIGHT(K36,2)))))) -> 44637 | N36: =IF(M36="","",IF(ISNUMBER(M36),M36,IF(ISNUMBER(SEARCH("/",M36)),DATE(VALUE(RIGHT(M36,4)),VALUE(MID(M36,4,2)),VALUE(LEFT(M36,2))),DATE(VALUE(LEFT(M36,4)),VALUE(MID(M36,6,2)),VALUE(RIGHT(M36,2)))))) | O36: 44706 | P36: =IF(O36="","",IF(ISNUMBER(O36),O36,DATE(VALUE(LEFT(O36,4)),VALUE(MID(O36,6,2)),VALUE(RIGHT(O36,2))))) -> 44706 | Q36: 69 | R36: 1 | S36: 2 | T36: 14.7 | U36: Southeast Asia | V36: 104006 | W36: =IF(E36="","",IF(E36="Closed Won","Won",IF(E36="Closed Lost","Lost","Open"))) -> Won | X36: =_xlfn.XLOOKUP(B36,'Customers'!A:A,'Customers'!E:E,"") -> Mid-Market | Y36: =IF(OR(W36="Won",W36="Lost"),1,0) -> 1 | Z36: =IF(OR(N36="",P36=""),"",P36-N36) | AA36: =IF(AND(Y36=1,Z36>30),1,0) -> 1
A37: DL-00036 | B37: CUST-1068 | C37: CMP-095 | D37: API Access | E37: Closed Lost | F37: $10,794 | G37: =IF(F37="","",IF(RIGHT(UPPER(SUBSTITUTE(SUBSTITUTE(SUBSTITUTE(TRIM(F37),"$",""),",","")," ","")),1)="K",VALUE(LEFT(UPPER(SUBSTITUTE(SUBSTITUTE(SUBSTITUTE(TRIM(F37),"$",""),",","")," ","")),LEN(UPPER(SUBSTITUTE(SUBSTITUTE(SUBSTITUTE(TRIM(F37),"$",""),",","")," ","")))-1))*1000,IF(RIGHT(UPPER(SUBSTITUTE(SUBSTITUTE(SUBSTITUTE(TRIM(F37),"$",""),",","")," ","")),1)="M",VALUE(LEFT(UPPER(SUBSTITUTE(SUBSTITUTE(SUBSTITUTE(TRIM(F37),"$",""),",","")," ","")),LEN(UPPER(SUBSTITUTE(SUBSTITUTE(SUBSTITUTE(TRIM(F37),"$",""),",","")," ","")))-1))*1000000,VALUE(SUBSTITUTE(SUBSTITUTE(SUBSTITUTE(TRIM(F37),"$",""),",","")," ",""))))) -> 10794 | H37: Product-Led Signup | I37: Amruta Sinha | J37: =PROPER(TRIM(I37)) -> Amruta Sinha | K37: 2022-05-20 | L37: =IF(K37="","",IF(ISNUMBER(K37),K37,IF(ISNUMBER(SEARCH("/",K37)),DATE(VALUE(RIGHT(K37,4)),VALUE(MID(K37,4,2)),VALUE(LEFT(K37,2))),DATE(VALUE(LEFT(K37,4)),VALUE(MID(K37,6,2)),VALUE(RIGHT(K37,2)))))) -> 44701 | M37: 44855 | N37: =IF(M37="","",IF(ISNUMBER(M37),M37,IF(ISNUMBER(SEARCH("/",M37)),DATE(VALUE(RIGHT(M37,4)),VALUE(MID(M37,4,2)),VALUE(LEFT(M37,2))),DATE(VALUE(LEFT(M37,4)),VALUE(MID(M37,6,2)),VALUE(RIGHT(M37,2)))))) -> 44855 | O37: 44723 | P37: =IF(O37="","",IF(ISNUMBER(O37),O37,DATE(VALUE(LEFT(O37,4)),VALUE(MID(O37,6,2)),VALUE(RIGHT(O37,2))))) -> 44723 | Q37: 22 | R37: 0 | S37: 1 | T37: 10 | U37: South Asia | V37: 10794 | W37: =IF(E37="","",IF(E37="Closed Won","Won",IF(E37="Closed Lost","Lost","Open"))) -> Lost | X37: =_xlfn.XLOOKUP(B37,'Customers'!A:A,'Customers'!E:E,"") -> Mid-Market | Y37: =IF(OR(W37="Won",W37="Lost"),1,0) -> 1 | Z37: =IF(OR(N37="",P37=""),"",P37-N37) -> -132 | AA37: =IF(AND(Y37=1,Z37>30),1,0) -> 0
A38: DL-00037 | B38: CUST-0251 | D38: Analytics Add-on | E38: Closed Won | F38: 8191 | G38: =IF(F38="","",IF(RIGHT(UPPER(SUBSTITUTE(SUBSTITUTE(SUBSTITUTE(TRIM(F38),"$",""),",","")," ","")),1)="K",VALUE(LEFT(UPPER(SUBSTITUTE(SUBSTITUTE(SUBSTITUTE(TRIM(F38),"$",""),",","")," ","")),LEN(UPPER(SUBSTITUTE(SUBSTITUTE(SUBSTITUTE(TRIM(F38),"$",""),",","")," ","")))-1))*1000,IF(RIGHT(UPPER(SUBSTITUTE(SUBSTITUTE(SUBSTITUTE(TRIM(F38),"$",""),",","")," ","")),1)="M",VALUE(LEFT(UPPER(SUBSTITUTE(SUBSTITUTE(SUBSTITUTE(TRIM(F38),"$",""),",","")," ","")),LEN(UPPER(SUBSTITUTE(SUBSTITUTE(SUBSTITUTE(TRIM(F38),"$",""),",","")," ","")))-1))*1000000,VALUE(SUBSTITUTE(SUBSTITUTE(SUBSTITUTE(TRIM(F38),"$",""),",","")," ",""))))) -> 8191 | H38: Product-Led Signup | I38: Patrick Sama | J38: =PROPER(TRIM(I38)) -> Patrick Sama | K38: 2023-04-09 | L38: =IF(K38="","",IF(ISNUMBER(K38),K38,IF(ISNUMBER(SEARCH("/",K38)),DATE(VALUE(RIGHT(K38,4)),VALUE(MID(K38,4,2)),VALUE(LEFT(K38,2))),DATE(VALUE(LEFT(K38,4)),VALUE(MID(K38,6,2)),VALUE(RIGHT(K38,2)))))) -> 45025 | M38: 45171 | N38: =IF(M38="","",IF(ISNUMBER(M38),M38,IF(ISNUMBER(SEARCH("/",M38)),DATE(VALUE(RIGHT(M38,4)),VALUE(MID(M38,4,2)),VALUE(LEFT(M38,2))),DATE(VALUE(LEFT(M38,4)),VALUE(MID(M38,6,2)),VALUE(RIGHT(M38,2)))))) -> 45171 | O38: 45176 | P38: =IF(O38="","",IF(ISNUMBER(O38),O38,DATE(VALUE(LEFT(O38,4)),VALUE(MID(O38,6,2)),VALUE(RIGHT(O38,2))))) -> 45176 | Q38: 151 | R38: 0 | S38: 1 | T38: 3.8 | U38: Middle East | V38: 8191 | W38: =IF(E38="","",IF(E38="Closed Won","Won",IF(E38="Closed Lost","Lost","Open"))) -> Won | X38: =_xlfn.XLOOKUP(B38,'Customers'!A:A,'Customers'!E:E,"") -> Mid-Market | Y38: =IF(OR(W38="Won",W38="Lost"),1,0) -> 1 | Z38: =IF(OR(N38="",P38=""),"",P38-N38) -> 5 | AA38: =IF(AND(Y38=1,Z38>30),1,0) -> 0
A39: DL-00038 | B39: CUST-1017 | D39: WorkHub Core | E39: Closed Won | F39: $9,490 | G39: =IF(F39="","",IF(RIGHT(UPPER(SUBSTITUTE(SUBSTITUTE(SUBSTITUTE(TRIM(F39),"$",""),",","")," ","")),1)="K",VALUE(LEFT(UPPER(SUBSTITUTE(SUBSTITUTE(SUBSTITUTE(TRIM(F39),"$",""),",","")," ","")),LEN(UPPER(SUBSTITUTE(SUBSTITUTE(SUBSTITUTE(TRIM(F39),"$",""),",","")," ","")))-1))*1000,IF(RIGHT(UPPER(SUBSTITUTE(SUBSTITUTE(SUBSTITUTE(TRIM(F39),"$",""),",","")," ","")),1)="M",VALUE(LEFT(UPPER(SUBSTITUTE(SUBSTITUTE(SUBSTITUTE(TRIM(F39),"$",""),",","")," ","")),LEN(UPPER(SUBSTITUTE(SUBSTITUTE(SUBSTITUTE(TRIM(F39),"$",""),",","")," ","")))-1))*1000000,VALUE(SUBSTITUTE(SUBSTITUTE(SUBSTITUTE(TRIM(F39),"$",""),",","")," ",""))))) -> 9490 | H39: Event | I39: Vidhi Mital | J39: =PROPER(TRIM(I39)) -> Vidhi Mital | K39: 14/05/2022 | L39: =IF(K39="","",IF(ISNUMBER(K39),K39,IF(ISNUMBER(SEARCH("/",K39)),DATE(VALUE(RIGHT(K39,4)),VALUE(MID(K39,4,2)),VALUE(LEFT(K39,2))),DATE(VALUE(LEFT(K39,4)),VALUE(MID(K39,6,2)),VALUE(RIGHT(K39,2)))))) -> 44695 | M39: 44811 | N39: =IF(M39="","",IF(ISNUMBER(M39),M39,IF(ISNUMBER(SEARCH("/",M39)),DATE(VALUE(RIGHT(M39,4)),VALUE(MID(M39,4,2)),VALUE(LEFT(M39,2))),DATE(VALUE(LEFT(M39,4)),VALUE(MID(M39,6,2)),VALUE(RIGHT(M39,2)))))) -> 44811 | O39: 44869 | P39: =IF(O39="","",IF(ISNUMBER(O39),O39,DATE(VALUE(LEFT(O39,4)),VALUE(MID(O39,6,2)),VALUE(RIGHT(O39,2))))) -> 44869 | Q39: 174 | R39: 0 | S39: 1 | T39: 31.1 | U39: Middle East | V39: 9490 | W39: =IF(E39="","",IF(E39="Closed Won","Won",IF(E39="Closed Lost","Lost","Open"))) -> Won | X39: =_xlfn.XLOOKUP(B39,'Customers'!A:A,'Customers'!E:E,"") -> Enterprise | Y39: =IF(OR(W39="Won",W39="Lost"),1,0) -> 1 | Z39: =IF(OR(N39="",P39=""),"",P39-N39) -> 58 | AA39: =IF(AND(Y39=1,Z39>30),1,0) -> 1
A40: DL-00039 | B40: CUST-1204 | C40: CMP-049 | D40: API Access | E40: Negotiation | F40: $8,249 | G40: =IF(F40="","",IF(RIGHT(UPPER(SUBSTITUTE(SUBSTITUTE(SUBSTITUTE(TRIM(F40),"$",""),",","")," ","")),1)="K",VALUE(LEFT(UPPER(SUBSTITUTE(SUBSTITUTE(SUBSTITUTE(TRIM(F40),"$",""),",","")," ","")),LEN(UPPER(SUBSTITUTE(SUBSTITUTE(SUBSTITUTE(TRIM(F40),"$",""),",","")," ","")))-1))*1000,IF(RIGHT(UPPER(SUBSTITUTE(SUBSTITUTE(SUBSTITUTE(TRIM(F40),"$",""),",","")," ","")),1)="M",VALUE(LEFT(UPPER(SUBSTITUTE(SUBSTITUTE(SUBSTITUTE(TRIM(F40),"$",""),",","")," ","")),LEN(UPPER(SUBSTITUTE(SUBSTITUTE(SUBSTITUTE(TRIM(F40),"$",""),",","")," ","")))-1))*1000000,VALUE(SUBSTITUTE(SUBSTITUTE(SUBSTITUTE(TRIM(F40),"$",""),",","")," ",""))))) -> 8249 | H40: Inbound Organic | I40: Amruta Sinha | J40: =PROPER(TRIM(I40)) -> Amruta Sinha | K40: 2024-09-09 | L40: =IF(K40="","",IF(ISNUMBER(K40),K40,IF(ISNUMBER(SEARCH("/",K40)),DATE(VALUE(RIGHT(K40,4)),VALUE(MID(K40,4,2)),VALUE(LEFT(K40,2))),DATE(VALUE(LEFT(K40,4)),VALUE(MID(K40,6,2)),VALUE(RIGHT(K40,2)))))) -> 45544 | M40: 45618 | N40: =IF(M40="","",IF(ISNUMBER(M40),M40,IF(ISNUMBER(SEARCH("/",M40)),DATE(VALUE(RIGHT(M40,4)),VALUE(MID(M40,4,2)),VALUE(LEFT(M40,2))),DATE(VALUE(LEFT(M40,4)),VALUE(MID(M40,6,2)),VALUE(RIGHT(M40,2)))))) -> 45618 | P40: =IF(O40="","",IF(ISNUMBER(O40),O40,DATE(VALUE(LEFT(O40,4)),VALUE(MID(O40,6,2)),VALUE(RIGHT(O40,2))))) | R40: 0 | S40: 1 | T40: 23.9 | U40: East Africa | V40: 8249 | W40: =IF(E40="","",IF(E40="Closed Won","Won",IF(E40="Closed Lost","Lost","Open"))) -> Open | X40: =_xlfn.XLOOKUP(B40,'Customers'!A:A,'Customers'!E:E,"") -> Mid-Market | Y40: =IF(OR(W40="Won",W40="Lost"),1,0) -> 0 | Z40: =IF(OR(N40="",P40=""),"",P40-N40) | AA40: =IF(AND(Y40=1,Z40>30),1,0) -> 0
A41: DL-00040 | B41: CUST-1359 | C41: CMP-288 | D41: API Access | E41: Demo | F41: $19,440 | G41: =IF(F41="","",IF(RIGHT(UPPER(SUBSTITUTE(SUBSTITUTE(SUBSTITUTE(TRIM(F41),"$",""),",","")," ","")),1)="K",VALUE(LEFT(UPPER(SUBSTITUTE(SUBSTITUTE(SUBSTITUTE(TRIM(F41),"$",""),",","")," ","")),LEN(UPPER(SUBSTITUTE(SUBSTITUTE(SUBSTITUTE(TRIM(F41),"$",""),",","")," ","")))-1))*1000,IF(RIGHT(UPPER(SUBSTITUTE(SUBSTITUTE(SUBSTITUTE(TRIM(F41),"$",""),",","")," ","")),1)="M",VALUE(LEFT(UPPER(SUBSTITUTE(SUBSTITUTE(SUBSTITUTE(TRIM(F41),"$",""),",","")," ","")),LEN(UPPER(SUBSTITUTE(SUBSTITUTE(SUBSTITUTE(TRIM(F41),"$",""),",","")," ","")))-1))*1000000,VALUE(SUBSTITUTE(SUBSTITUTE(SUBSTITUTE(TRIM(F41),"$",""),",","")," ",""))))) -> 19440 | H41: Partner Referral | I41: Ati Seshadri | J41: =PROPER(TRIM(I41)) -> Ati Seshadri | K41: 2024-11-19 | L41: =IF(K41="","",IF(ISNUMBER(K41),K41,IF(ISNUMBER(SEARCH("/",K41)),DATE(VALUE(RIGHT(K41,4)),VALUE(MID(K41,4,2)),VALUE(LEFT(K41,2))),DATE(VALUE(LEFT(K41,4)),VALUE(MID(K41,6,2)),VALUE(RIGHT(K41,2)))))) -> 45615 | M41: 45787 | N41: =IF(M41="","",IF(ISNUMBER(M41),M41,IF(ISNUMBER(SEARCH("/",M41)),DATE(VALUE(RIGHT(M41,4)),VALUE(MID(M41,4,2)),VALUE(LEFT(M41,2))),DATE(VALUE(LEFT(M41,4)),VALUE(MID(M41,6,2)),VALUE(RIGHT(M41,2)))))) -> 45787 | P41: =IF(O41="","",IF(ISNUMBER(O41),O41,DATE(VALUE(LEFT(O41,4)),VALUE(MID(O41,6,2)),VALUE(RIGHT(O41,2))))) | R41: 0 | S41: 1 | T41: 20.4 | U41: Middle East | V41: 19440 | W41: =IF(E41="","",IF(E41="Closed Won","Won",IF(E41="Closed Lost","Lost","Open"))) -> Open | X41: =_xlfn.XLOOKUP(B41,'Customers'!A:A,'Customers'!E:E,"") -> SMB | Y41: =IF(OR(W41="Won",W41="Lost"),1,0) -> 0 | Z41: =IF(OR(N41="",P41=""),"",P41-N41) | AA41: =IF(AND(Y41=1,Z41>30),1,0) -> 0
A42: DL-00041 | B42: CUST-1005 | C42: CMP-340 | D42: WorkHub Enterprise | E42: Negotiation | F42: $78,097 | G42: =IF(F42="","",IF(RIGHT(UPPER(SUBSTITUTE(SUBSTITUTE(SUBSTITUTE(TRIM(F42),"$",""),",","")," ","")),1)="K",VALUE(LEFT(UPPER(SUBSTITUTE(SUBSTITUTE(SUBSTITUTE(TRIM(F42),"$",""),",","")," ","")),LEN(UPPER(SUBSTITUTE(SUBSTITUTE(SUBSTITUTE(TRIM(F42),"$",""),",","")," ","")))-1))*1000,IF(RIGHT(UPPER(SUBSTITUTE(SUBSTITUTE(SUBSTITUTE(TRIM(F42),"$",""),",","")," ","")),1)="M",VALUE(LEFT(UPPER(SUBSTITUTE(SUBSTITUTE(SUBSTITUTE(TRIM(F42),"$",""),",","")," ","")),LEN(UPPER(SUBSTITUTE(SUBSTITUTE(SUBSTITUTE(TRIM(F42),"$",""),",","")," ","")))-1))*1000000,VALUE(SUBSTITUTE(SUBSTITUTE(SUBSTITUTE(TRIM(F42),"$",""),",","")," ",""))))) -> 78097 | H42: Cold Outreach | I42: Shivani Natt | J42: =PROPER(TRIM(I42)) -> Shivani Natt | K42: 2022-04-16 | L42: =IF(K42="","",IF(ISNUMBER(K42),K42,IF(ISNUMBER(SEARCH("/",K42)),DATE(VALUE(RIGHT(K42,4)),VALUE(MID(K42,4,2)),VALUE(LEFT(K42,2))),DATE(VALUE(LEFT(K42,4)),VALUE(MID(K42,6,2)),VALUE(RIGHT(K42,2)))))) -> 44667 | M42: 44831 | N42: =IF(M42="","",IF(ISNUMBER(M42),M42,IF(ISNUMBER(SEARCH("/",M42)),DATE(VALUE(RIGHT(M42,4)),VALUE(MID(M42,4,2)),VALUE(LEFT(M42,2))),DATE(VALUE(LEFT(M42,4)),VALUE(MID(M42,6,2)),VALUE(RIGHT(M42,2)))))) -> 44831 | P42: =IF(O42="","",IF(ISNUMBER(O42),O42,DATE(VALUE(LEFT(O42,4)),VALUE(MID(O42,6,2)),VALUE(RIGHT(O42,2))))) | R42: 0 | S42: 1 | T42: 18.9 | U42: South Asia | V42: 78097 | W42: =IF(E42="","",IF(E42="Closed Won","Won",IF(E42="Closed Lost","Lost","Open"))) -> Open | X42: =_xlfn.XLOOKUP(B42,'Customers'!A:A,'Customers'!E:E,"") -> Mid-Market | Y42: =IF(OR(W42="Won",W42="Lost"),1,0) -> 0 | Z42: =IF(OR(N42="",P42=""),"",P42-N42) | AA42: =IF(AND(Y42=1,Z42>30),1,0) -> 0
A43: DL-00042 | B43: CUST-0613 | C43: CMP-106 | D43: API Access | E43: Proposal | F43: 9704 | G43: =IF(F43="","",IF(RIGHT(UPPER(SUBSTITUTE(SUBSTITUTE(SUBSTITUTE(TRIM(F43),"$",""),",","")," ","")),1)="K",VALUE(LEFT(UPPER(SUBSTITUTE(SUBSTITUTE(SUBSTITUTE(TRIM(F43),"$",""),",","")," ","")),LEN(UPPER(SUBSTITUTE(SUBSTITUTE(SUBSTITUTE(TRIM(F43),"$",""),",","")," ","")))-1))*1000,IF(RIGHT(UPPER(SUBSTITUTE(SUBSTITUTE(SUBSTITUTE(TRIM(F43),"$",""),",","")," ","")),1)="M",VALUE(LEFT(UPPER(SUBSTITUTE(SUBSTITUTE(SUBSTITUTE(TRIM(F43),"$",""),",","")," ","")),LEN(UPPER(SUBSTITUTE(SUBSTITUTE(SUBSTITUTE(TRIM(F43),"$",""),",","")," ","")))-1))*1000000,VALUE(SUBSTITUTE(SUBSTITUTE(SUBSTITUTE(TRIM(F43),"$",""),",","")," ",""))))) -> 9704 | H43: Event | I43: Jasmit Gour | J43: =PROPER(TRIM(I43)) -> Jasmit Gour | K43: 2024-12-19 | L43: =IF(K43="","",IF(ISNUMBER(K43),K43,IF(ISNUMBER(SEARCH("/",K43)),DATE(VALUE(RIGHT(K43,4)),VALUE(MID(K43,4,2)),VALUE(LEFT(K43,2))),DATE(VALUE(LEFT(K43,4)),VALUE(MID(K43,6,2)),VALUE(RIGHT(K43,2)))))) -> 45645 | M43: 45744 | N43: =IF(M43="","",IF(ISNUMBER(M43),M43,IF(ISNUMBER(SEARCH("/",M43)),DATE(VALUE(RIGHT(M43,4)),VALUE(MID(M43,4,2)),VALUE(LEFT(M43,2))),DATE(VALUE(LEFT(M43,4)),VALUE(MID(M43,6,2)),VALUE(RIGHT(M43,2)))))) -> 45744 | P43: =IF(O43="","",IF(ISNUMBER(O43),O43,DATE(VALUE(LEFT(O43,4)),VALUE(MID(O43,6,2)),VALUE(RIGHT(O43,2))))) | R43: 0 | S43: 1 | T43: 27.6 | U43: Southeast Asia | V43: 9704 | W43: =IF(E43="","",IF(E43="Closed Won","Won",IF(E43="Closed Lost","Lost","Open"))) -> Open | X43: =_xlfn.XLOOKUP(B43,'Customers'!A:A,'Customers'!E:E,"") -> Mid-Market | Y43: =IF(OR(W43="Won",W43="Lost"),1,0) -> 0 | Z43: =IF(OR(N43="",P43=""),"",P43-N43) | AA43: =IF(AND(Y43=1,Z43>30),1,0) -> 0
A44: DL-00043 | B44: CUST-0802 | D44: API Access | E44: Prospecting | F44: $20,918 | G44: =IF(F44="","",IF(RIGHT(UPPER(SUBSTITUTE(SUBSTITUTE(SUBSTITUTE(TRIM(F44),"$",""),",","")," ","")),1)="K",VALUE(LEFT(UPPER(SUBSTITUTE(SUBSTITUTE(SUBSTITUTE(TRIM(F44),"$",""),",","")," ","")),LEN(UPPER(SUBSTITUTE(SUBSTITUTE(SUBSTITUTE(TRIM(F44),"$",""),",","")," ","")))-1))*1000,IF(RIGHT(UPPER(SUBSTITUTE(SUBSTITUTE(SUBSTITUTE(TRIM(F44),"$",""),",","")," ","")),1)="M",VALUE(LEFT(UPPER(SUBSTITUTE(SUBSTITUTE(SUBSTITUTE(TRIM(F44),"$",""),",","")," ","")),LEN(UPPER(SUBSTITUTE(SUBSTITUTE(SUBSTITUTE(TRIM(F44),"$",""),",","")," ","")))-1))*1000000,VALUE(SUBSTITUTE(SUBSTITUTE(SUBSTITUTE(TRIM(F44),"$",""),",","")," ",""))))) -> 20918 | H44: LinkedIn Ads | I44: Karan Karnik | J44: =PROPER(TRIM(I44)) -> Karan Karnik | K44: 2024-06-08 | L44: =IF(K44="","",IF(ISNUMBER(K44),K44,IF(ISNUMBER(SEARCH("/",K44)),DATE(VALUE(RIGHT(K44,4)),VALUE(MID(K44,4,2)),VALUE(LEFT(K44,2))),DATE(VALUE(LEFT(K44,4)),VALUE(MID(K44,6,2)),VALUE(RIGHT(K44,2)))))) -> 45451 | M44: 45486 | N44: =IF(M44="","",IF(ISNUMBER(M44),M44,IF(ISNUMBER(SEARCH("/",M44)),DATE(VALUE(RIGHT(M44,4)),VALUE(MID(M44,4,2)),VALUE(LEFT(M44,2))),DATE(VALUE(LEFT(M44,4)),VALUE(MID(M44,6,2)),VALUE(RIGHT(M44,2)))))) -> 45486 | P44: =IF(O44="","",IF(ISNUMBER(O44),O44,DATE(VALUE(LEFT(O44,4)),VALUE(MID(O44,6,2)),VALUE(RIGHT(O44,2))))) | R44: 0 | S44: 1 | T44: 21.3 | U44: Middle East | V44: 20918 | W44: =IF(E44="","",IF(E44="Closed Won","Won",IF(E44="Closed Lost","Lost","Open"))) -> Open | X44: =_xlfn.XLOOKUP(B44,'Customers'!A:A,'Customers'!E:E,"") -> Mid-Market | Y44: =IF(OR(W44="Won",W44="Lost"),1,0) -> 0 | Z44: =IF(OR(N44="",P44=""),"",P44-N44) | AA44: =IF(AND(Y44=1,Z44>30),1,0) -> 0
A45: DL-00044 | B45: CUST-0047 | C45: CMP-046 | D45: API Access | E45: Negotiation | F45: 15,030 | G45: =IF(F45="","",IF(RIGHT(UPPER(SUBSTITUTE(SUBSTITUTE(SUBSTITUTE(TRIM(F45),"$",""),",","")," ","")),1)="K",VALUE(LEFT(UPPER(SUBSTITUTE(SUBSTITUTE(SUBSTITUTE(TRIM(F45),"$",""),",","")," ","")),LEN(UPPER(SUBSTITUTE(SUBSTITUTE(SUBSTITUTE(TRIM(F45),"$",""),",","")," ","")))-1))*1000,IF(RIGHT(UPPER(SUBSTITUTE(SUBSTITUTE(SUBSTITUTE(TRIM(F45),"$",""),",","")," ","")),1)="M",VALUE(LEFT(UPPER(SUBSTITUTE(SUBSTITUTE(SUBSTITUTE(TRIM(F45),"$",""),",","")," ","")),LEN(UPPER(SUBSTITUTE(SUBSTITUTE(SUBSTITUTE(TRIM(F45),"$",""),",","")," ","")))-1))*1000000,VALUE(SUBSTITUTE(SUBSTITUTE(SUBSTITUTE(TRIM(F45),"$",""),",","")," ",""))))) -> 15030 | H45: LinkedIn Ads | I45: Panini Kade | J45: =PROPER(TRIM(I45)) -> Panini Kade | K45: 2022-10-30 | L45: =IF(K45="","",IF(ISNUMBER(K45),K45,IF(ISNUMBER(SEARCH("/",K45)),DATE(VALUE(RIGHT(K45,4)),VALUE(MID(K45,4,2)),VALUE(LEFT(K45,2))),DATE(VALUE(LEFT(K45,4)),VALUE(MID(K45,6,2)),VALUE(RIGHT(K45,2)))))) -> 44864 | M45: 44987 | N45: =IF(M45="","",IF(ISNUMBER(M45),M45,IF(ISNUMBER(SEARCH("/",M45)),DATE(VALUE(RIGHT(M45,4)),VALUE(MID(M45,4,2)),VALUE(LEFT(M45,2))),DATE(VALUE(LEFT(M45,4)),VALUE(MID(M45,6,2)),VALUE(RIGHT(M45,2)))))) -> 44987 | P45: =IF(O45="","",IF(ISNUMBER(O45),O45,DATE(VALUE(LEFT(O45,4)),VALUE(MID(O45,6,2)),VALUE(RIGHT(O45,2))))) | R45: 0 | S45: 1 | T45: 7.7 | U45: Middle East | V45: 15030 | W45: =IF(E45="","",IF(E45="Closed Won","Won",IF(E45="Closed Lost","Lost","Open"))) -> Open | X45: =_xlfn.XLOOKUP(B45,'Customers'!A:A,'Customers'!E:E,"") -> Enterprise | Y45: =IF(OR(W45="Won",W45="Lost"),1,0) -> 0 | Z45: =IF(OR(N45="",P45=""),"",P45-N45) | AA45: =IF(AND(Y45=1,Z45>30),1,0) -> 0
A46: DL-00045 | B46: CUST-1103 | C46: CMP-294 | D46: WorkHub Core | E46: Closed Won | F46: 1367 | G46: =IF(F46="","",IF(RIGHT(UPPER(SUBSTITUTE(SUBSTITUTE(SUBSTITUTE(TRIM(F46),"$",""),",","")," ","")),1)="K",VALUE(LEFT(UPPER(SUBSTITUTE(SUBSTITUTE(SUBSTITUTE(TRIM(F46),"$",""),",","")," ","")),LEN(UPPER(SUBSTITUTE(SUBSTITUTE(SUBSTITUTE(TRIM(F46),"$",""),",","")," ","")))-1))*1000,IF(RIGHT(UPPER(SUBSTITUTE(SUBSTITUTE(SUBSTITUTE(TRIM(F46),"$",""),",","")," ","")),1)="M",VALUE(LEFT(UPPER(SUBSTITUTE(SUBSTITUTE(SUBSTITUTE(TRIM(F46),"$",""),",","")," ","")),LEN(UPPER(SUBSTITUTE(SUBSTITUTE(SUBSTITUTE(TRIM(F46),"$",""),",","")," ","")))-1))*1000000,VALUE(SUBSTITUTE(SUBSTITUTE(SUBSTITUTE(TRIM(F46),"$",""),",","")," ",""))))) -> 1367 | H46: Event | I46: Rachit Lall | J46: =PROPER(TRIM(I46)) -> Rachit Lall | K46: 2024-03-19 | L46: =IF(K46="","",IF(ISNUMBER(K46),K46,IF(ISNUMBER(SEARCH("/",K46)),DATE(VALUE(RIGHT(K46,4)),VALUE(MID(K46,4,2)),VALUE(LEFT(K46,2))),DATE(VALUE(LEFT(K46,4)),VALUE(MID(K46,6,2)),VALUE(RIGHT(K46,2)))))) -> 45370 | M46: 45416 | N46: =IF(M46="","",IF(ISNUMBER(M46),M46,IF(ISNUMBER(SEARCH("/",M46)),DATE(VALUE(RIGHT(M46,4)),VALUE(MID(M46,4,2)),VALUE(LEFT(M46,2))),DATE(VALUE(LEFT(M46,4)),VALUE(MID(M46,6,2)),VALUE(RIGHT(M46,2)))))) -> 45416 | O46: 45539 | P46: =IF(O46="","",IF(ISNUMBER(O46),O46,DATE(VALUE(LEFT(O46,4)),VALUE(MID(O46,6,2)),VALUE(RIGHT(O46,2))))) -> 45539 | Q46: 169 | R46: 1 | S46: 2 | T46: 33.5 | U46: Middle East | V46: 1367 | W46: =IF(E46="","",IF(E46="Closed Won","Won",IF(E46="Closed Lost","Lost","Open"))) -> Won | X46: =_xlfn.XLOOKUP(B46,'Customers'!A:A,'Customers'!E:E,"") -> Mid-Market | Y46: =IF(OR(W46="Won",W46="Lost"),1,0) -> 1 | Z46: =IF(OR(N46="",P46=""),"",P46-N46) -> 123 | AA46: =IF(AND(Y46=1,Z46>30),1,0) -> 1
A47: DL-00046 | B47: CUST-0646 | D47: WorkHub Enterprise | E47: Qualification | F47: 181996 | G47: =IF(F47="","",IF(RIGHT(UPPER(SUBSTITUTE(SUBSTITUTE(SUBSTITUTE(TRIM(F47),"$",""),",","")," ","")),1)="K",VALUE(LEFT(UPPER(SUBSTITUTE(SUBSTITUTE(SUBSTITUTE(TRIM(F47),"$",""),",","")," ","")),LEN(UPPER(SUBSTITUTE(SUBSTITUTE(SUBSTITUTE(TRIM(F47),"$",""),",","")," ","")))-1))*1000,IF(RIGHT(UPPER(SUBSTITUTE(SUBSTITUTE(SUBSTITUTE(TRIM(F47),"$",""),",","")," ","")),1)="M",VALUE(LEFT(UPPER(SUBSTITUTE(SUBSTITUTE(SUBSTITUTE(TRIM(F47),"$",""),",","")," ","")),LEN(UPPER(SUBSTITUTE(SUBSTITUTE(SUBSTITUTE(TRIM(F47),"$",""),",","")," ","")))-1))*1000000,VALUE(SUBSTITUTE(SUBSTITUTE(SUBSTITUTE(TRIM(F47),"$",""),",","")," ",""))))) -> 181996 | H47: Product-Led Signup | I47: Amruta Sinha | J47: =PROPER(TRIM(I47)) -> Amruta Sinha | K47: 2024-12-31 | L47: =IF(K47="","",IF(ISNUMBER(K47),K47,IF(ISNUMBER(SEARCH("/",K47)),DATE(VALUE(RIGHT(K47,4)),VALUE(MID(K47,4,2)),VALUE(LEFT(K47,2))),DATE(VALUE(LEFT(K47,4)),VALUE(MID(K47,6,2)),VALUE(RIGHT(K47,2)))))) -> 45657 | N47: =IF(M47="","",IF(ISNUMBER(M47),M47,IF(ISNUMBER(SEARCH("/",M47)),DATE(VALUE(RIGHT(M47,4)),VALUE(MID(M47,4,2)),VALUE(LEFT(M47,2))),DATE(VALUE(LEFT(M47,4)),VALUE(MID(M47,6,2)),VALUE(RIGHT(M47,2)))))) | P47: =IF(O47="","",IF(ISNUMBER(O47),O47,DATE(VALUE(LEFT(O47,4)),VALUE(MID(O47,6,2)),VALUE(RIGHT(O47,2))))) | R47: 0 | S47: 1 | T47: 11.5 | U47: ANZ | V47: 181996 | W47: =IF(E47="","",IF(E47="Closed Won","Won",IF(E47="Closed Lost","Lost","Open"))) -> Open | X47: =_xlfn.XLOOKUP(B47,'Customers'!A:A,'Customers'!E:E,"") -> Mid-Market | Y47: =IF(OR(W47="Won",W47="Lost"),1,0) -> 0 | Z47: =IF(OR(N47="",P47=""),"",P47-N47) | AA47: =IF(AND(Y47=1,Z47>30),1,0) -> 0
A48: DL-00047 | B48: CUST-0143 | C48: CMP-124 | D48: WorkHub Enterprise | E48: Closed Lost | F48: 61249 | G48: =IF(F48="","",IF(RIGHT(UPPER(SUBSTITUTE(SUBSTITUTE(SUBSTITUTE(TRIM(F48),"$",""),",","")," ","")),1)="K",VALUE(LEFT(UPPER(SUBSTITUTE(SUBSTITUTE(SUBSTITUTE(TRIM(F48),"$",""),",","")," ","")),LEN(UPPER(SUBSTITUTE(SUBSTITUTE(SUBSTITUTE(TRIM(F48),"$",""),",","")," ","")))-1))*1000,IF(RIGHT(UPPER(SUBSTITUTE(SUBSTITUTE(SUBSTITUTE(TRIM(F48),"$",""),",","")," ","")),1)="M",VALUE(LEFT(UPPER(SUBSTITUTE(SUBSTITUTE(SUBSTITUTE(TRIM(F48),"$",""),",","")," ","")),LEN(UPPER(SUBSTITUTE(SUBSTITUTE(SUBSTITUTE(TRIM(F48),"$",""),",","")," ","")))-1))*1000000,VALUE(SUBSTITUTE(SUBSTITUTE(SUBSTITUTE(TRIM(F48),"$",""),",","")," ",""))))) -> 61249 | H48: Content Download | I48: Aachal Soni | J48: =PROPER(TRIM(I48)) -> Aachal Soni | K48: 2024-06-19 | L48: =IF(K48="","",IF(ISNUMBER(K48),K48,IF(ISNUMBER(SEARCH("/",K48)),DATE(VALUE(RIGHT(K48,4)),VALUE(MID(K48,4,2)),VALUE(LEFT(K48,2))),DATE(VALUE(LEFT(K48,4)),VALUE(MID(K48,6,2)),VALUE(RIGHT(K48,2)))))) -> 45462 | M48: 45607 | N48: =IF(M48="","",IF(ISNUMBER(M48),M48,IF(ISNUMBER(SEARCH("/",M48)),DATE(VALUE(RIGHT(M48,4)),VALUE(MID(M48,4,2)),VALUE(LEFT(M48,2))),DATE(VALUE(LEFT(M48,4)),VALUE(MID(M48,6,2)),VALUE(RIGHT(M48,2)))))) -> 45607 | O48: 45584 | P48: =IF(O48="","",IF(ISNUMBER(O48),O48,DATE(VALUE(LEFT(O48,4)),VALUE(MID(O48,6,2)),VALUE(RIGHT(O48,2))))) -> 45584 | Q48: 122 | R48: 0 | S48: 1 | T48: 19.9 | U48: South Asia | V48: 61249 | W48: =IF(E48="","",IF(E48="Closed Won","Won",IF(E48="Closed Lost","Lost","Open"))) -> Lost | X48: =_xlfn.XLOOKUP(B48,'Customers'!A:A,'Customers'!E:E,"") -> Mid-Market | Y48: =IF(OR(W48="Won",W48="Lost"),1,0) -> 1 | Z48: =IF(OR(N48="",P48=""),"",P48-N48) -> -23 | AA48: =IF(AND(Y48=1,Z48>30),1,0) -> 0
A49: DL-00048 | B49: CUST-1284 | C49: CMP-096 | D49: WorkHub Enterprise | E49: Proposal | F49: $62,439 | G49: =IF(F49="","",IF(RIGHT(UPPER(SUBSTITUTE(SUBSTITUTE(SUBSTITUTE(TRIM(F49),"$",""),",","")," ","")),1)="K",VALUE(LEFT(UPPER(SUBSTITUTE(SUBSTITUTE(SUBSTITUTE(TRIM(F49),"$",""),",","")," ","")),LEN(UPPER(SUBSTITUTE(SUBSTITUTE(SUBSTITUTE(TRIM(F49),"$",""),",","")," ","")))-1))*1000,IF(RIGHT(UPPER(SUBSTITUTE(SUBSTITUTE(SUBSTITUTE(TRIM(F49),"$",""),",","")," ","")),1)="M",VALUE(LEFT(UPPER(SUBSTITUTE(SUBSTITUTE(SUBSTITUTE(TRIM(F49),"$",""),",","")," ","")),LEN(UPPER(SUBSTITUTE(SUBSTITUTE(SUBSTITUTE(TRIM(F49),"$",""),",","")," ","")))-1))*1000000,VALUE(SUBSTITUTE(SUBSTITUTE(SUBSTITUTE(TRIM(F49),"$",""),",","")," ",""))))) -> 62439 | H49: Product-Led Signup | I49: Jasmit Gour | J49: =PROPER(TRIM(I49)) -> Jasmit Gour | K49: 2023-05-20 | L49: =IF(K49="","",IF(ISNUMBER(K49),K49,IF(ISNUMBER(SEARCH("/",K49)),DATE(VALUE(RIGHT(K49,4)),VALUE(MID(K49,4,2)),VALUE(LEFT(K49,2))),DATE(VALUE(LEFT(K49,4)),VALUE(MID(K49,6,2)),VALUE(RIGHT(K49,2)))))) -> 45066 | M49: 45179 | N49: =IF(M49="","",IF(ISNUMBER(M49),M49,IF(ISNUMBER(SEARCH("/",M49)),DATE(VALUE(RIGHT(M49,4)),VALUE(MID(M49,4,2)),VALUE(LEFT(M49,2))),DATE(VALUE(LEFT(M49,4)),VALUE(MID(M49,6,2)),VALUE(RIGHT(M49,2)))))) -> 45179 | P49: =IF(O49="","",IF(ISNUMBER(O49),O49,DATE(VALUE(LEFT(O49,4)),VALUE(MID(O49,6,2)),VALUE(RIGHT(O49,2))))) | R49: 0 | S49: 1 | T49: 8.4 | U49: South Asia | V49: 62439 | W49: =IF(E49="","",IF(E49="Closed Won","Won",IF(E49="Closed Lost","Lost","Open"))) -> Open | X49: =_xlfn.XLOOKUP(B49,'Customers'!A:A,'Customers'!E:E,"") -> Mid-Market | Y49: =IF(OR(W49="Won",W49="Lost"),1,0) -> 0 | Z49: =IF(OR(N49="",P49=""),"",P49-N49) | AA49: =IF(AND(Y49=1,Z49>30),1,0) -> 0
A50: DL-00049 | B50: CUST-0595 | C50: CMP-194 | D50: WorkHub Pro | E50: Demo | F50: $16,578 | G50: =IF(F50="","",IF(RIGHT(UPPER(SUBSTITUTE(SUBSTITUTE(SUBSTITUTE(TRIM(F50),"$",""),",","")," ","")),1)="K",VALUE(LEFT(UPPER(SUBSTITUTE(SUBSTITUTE(SUBSTITUTE(TRIM(F50),"$",""),",","")," ","")),LEN(UPPER(SUBSTITUTE(SUBSTITUTE(SUBSTITUTE(TRIM(F50),"$",""),",","")," ","")))-1))*1000,IF(RIGHT(UPPER(SUBSTITUTE(SUBSTITUTE(SUBSTITUTE(TRIM(F50),"$",""),",","")," ","")),1)="M",VALUE(LEFT(UPPER(SUBSTITUTE(SUBSTITUTE(SUBSTITUTE(TRIM(F50),"$",""),",","")," ","")),LEN(UPPER(SUBSTITUTE(SUBSTITUTE(SUBSTITUTE(TRIM(F50),"$",""),",","")," ","")))-1))*1000000,VALUE(SUBSTITUTE(SUBSTITUTE(SUBSTITUTE(TRIM(F50),"$",""),",","")," ",""))))) -> 16578 | H50: Inbound Organic | I50: Ekta Uppal | J50: =PROPER(TRIM(I50)) -> Ekta Uppal | K50: 2024-09-22 | L50: =IF(K50="","",IF(ISNUMBER(K50),K50,IF(ISNUMBER(SEARCH("/",K50)),DATE(VALUE(RIGHT(K50,4)),VALUE(MID(K50,4,2)),VALUE(LEFT(K50,2))),DATE(VALUE(LEFT(K50,4)),VALUE(MID(K50,6,2)),VALUE(RIGHT(K50,2)))))) -> 45557 | M50: 45612 | N50: =IF(M50="","",IF(ISNUMBER(M50),M50,IF(ISNUMBER(SEARCH("/",M50)),DATE(VALUE(RIGHT(M50,4)),VALUE(MID(M50,4,2)),VALUE(LEFT(M50,2))),DATE(VALUE(LEFT(M50,4)),VALUE(MID(M50,6,2)),VALUE(RIGHT(M50,2)))))) -> 45612 | P50: =IF(O50="","",IF(ISNUMBER(O50),O50,DATE(VALUE(LEFT(O50,4)),VALUE(MID(O50,6,2)),VALUE(RIGHT(O50,2))))) | R50: 0 | S50: 1 | T50: 14.8 | U50: Middle East | V50: 16578 | W50: =IF(E50="","",IF(E50="Closed Won","Won",IF(E50="Closed Lost","Lost","Open"))) -> Open | X50: =_xlfn.XLOOKUP(B50,'Customers'!A:A,'Customers'!E:E,"") -> Mid-Market | Y50: =IF(OR(W50="Won",W50="Lost"),1,0) -> 0 | Z50: =IF(OR(N50="",P50=""),"",P50-N50) | AA50: =IF(AND(Y50=1,Z50>30),1,0) -> 0
A51: DL-00050 | B51: CUST-0605 | C51: CMP-172 | D51: WorkHub Pro | E51: Proposal | F51: $10,943 | G51: =IF(F51="","",IF(RIGHT(UPPER(SUBSTITUTE(SUBSTITUTE(SUBSTITUTE(TRIM(F51),"$",""),",","")," ","")),1)="K",VALUE(LEFT(UPPER(SUBSTITUTE(SUBSTITUTE(SUBSTITUTE(TRIM(F51),"$",""),",","")," ","")),LEN(UPPER(SUBSTITUTE(SUBSTITUTE(SUBSTITUTE(TRIM(F51),"$",""),",","")," ","")))-1))*1000,IF(RIGHT(UPPER(SUBSTITUTE(SUBSTITUTE(SUBSTITUTE(TRIM(F51),"$",""),",","")," ","")),1)="M",VALUE(LEFT(UPPER(SUBSTITUTE(SUBSTITUTE(SUBSTITUTE(TRIM(F51),"$",""),",","")," ","")),LEN(UPPER(SUBSTITUTE(SUBSTITUTE(SUBSTITUTE(TRIM(F51),"$",""),",","")," ","")))-1))*1000000,VALUE(SUBSTITUTE(SUBSTITUTE(SUBSTITUTE(TRIM(F51),"$",""),",","")," ",""))))) -> 10943 | H51: Product-Led Signup | I51: Lakshmi Hayre | J51: =PROPER(TRIM(I51)) -> Lakshmi Hayre | K51: 2022-06-06 | L51: =IF(K51="","",IF(ISNUMBER(K51),K51,IF(ISNUMBER(SEARCH("/",K51)),DATE(VALUE(RIGHT(K51,4)),VALUE(MID(K51,4,2)),VALUE(LEFT(K51,2))),DATE(VALUE(LEFT(K51,4)),VALUE(MID(K51,6,2)),VALUE(RIGHT(K51,2)))))) -> 44718 | M51: 44851 | N51: =IF(M51="","",IF(ISNUMBER(M51),M51,IF(ISNUMBER(SEARCH("/",M51)),DATE(VALUE(RIGHT(M51,4)),VALUE(MID(M51,4,2)),VALUE(LEFT(M51,2))),DATE(VALUE(LEFT(M51,4)),VALUE(MID(M51,6,2)),VALUE(RIGHT(M51,2)))))) -> 44851 | P51: =IF(O51="","",IF(ISNUMBER(O51),O51,DATE(VALUE(LEFT(O51,4)),VALUE(MID(O51,6,2)),VALUE(RIGHT(O51,2))))) | R51: 0 | S51: 1 | T51: 11.3 | U51: Middle East | V51: 10943 | W51: =IF(E51="","",IF(E51="Closed Won","Won",IF(E51="Closed Lost","Lost","Open"))) -> Open | X51: =_xlfn.XLOOKUP(B51,'Customers'!A:A,'Customers'!E:E,"") -> SMB | Y51: =IF(OR(W51="Won",W51="Lost"),1,0) -> 0 | Z51: =IF(OR(N51="",P51=""),"",P51-N51) | AA51: =IF(AND(Y51=1,Z51>30),1,0) -> 0
A52: DL-00051 | B52: CUST-0544 | C52: CMP-261 | D52: WorkHub Core | E52: Closed Lost | F52: $9,433 | G52: =IF(F52="","",IF(RIGHT(UPPER(SUBSTITUTE(SUBSTITUTE(SUBSTITUTE(TRIM(F52),"$",""),",","")," ","")),1)="K",VALUE(LEFT(UPPER(SUBSTITUTE(SUBSTITUTE(SUBSTITUTE(TRIM(F52),"$",""),",","")," ","")),LEN(UPPER(SUBSTITUTE(SUBSTITUTE(SUBSTITUTE(TRIM(F52),"$",""),",","")," ","")))-1))*1000,IF(RIGHT(UPPER(SUBSTITUTE(SUBSTITUTE(SUBSTITUTE(TRIM(F52),"$",""),",","")," ","")),1)="M",VALUE(LEFT(UPPER(SUBSTITUTE(SUBSTITUTE(SUBSTITUTE(TRIM(F52),"$",""),",","")," ","")),LEN(UPPER(SUBSTITUTE(SUBSTITUTE(SUBSTITUTE(TRIM(F52),"$",""),",","")," ","")))-1))*1000000,VALUE(SUBSTITUTE(SUBSTITUTE(SUBSTITUTE(TRIM(F52),"$",""),",","")," ",""))))) -> 9433 | H52: Paid Search | I52: Amruta Sinha | J52: =PROPER(TRIM(I52)) -> Amruta Sinha | K52: 2024-10-01 | L52: =IF(K52="","",IF(ISNUMBER(K52),K52,IF(ISNUMBER(SEARCH("/",K52)),DATE(VALUE(RIGHT(K52,4)),VALUE(MID(K52,4,2)),VALUE(LEFT(K52,2))),DATE(VALUE(LEFT(K52,4)),VALUE(MID(K52,6,2)),VALUE(RIGHT(K52,2)))))) -> 45566 | M52: 45617 | N52: =IF(M52="","",IF(ISNUMBER(M52),M52,IF(ISNUMBER(SEARCH("/",M52)),DATE(VALUE(RIGHT(M52,4)),VALUE(MID(M52,4,2)),VALUE(LEFT(M52,2))),DATE(VALUE(LEFT(M52,4)),VALUE(MID(M52,6,2)),VALUE(RIGHT(M52,2)))))) -> 45617 | O52: 45639 | P52: =IF(O52="","",IF(ISNUMBER(O52),O52,DATE(VALUE(LEFT(O52,4)),VALUE(MID(O52,6,2)),VALUE(RIGHT(O52,2))))) -> 45639 | Q52: 73 | R52: 0 | S52: 1 | T52: 14.8 | U52: Middle East | V52: 9433 | W52: =IF(E52="","",IF(E52="Closed Won","Won",IF(E52="Closed Lost","Lost","Open"))) -> Lost | X52: =_xlfn.XLOOKUP(B52,'Customers'!A:A,'Customers'!E:E,"") -> Enterprise | Y52: =IF(OR(W52="Won",W52="Lost"),1,0) -> 1 | Z52: =IF(OR(N52="",P52=""),"",P52-N52) -> 22 | AA52: =IF(AND(Y52=1,Z52>30),1,0) -> 0
A53: DL-00052 | B53: CUST-1386 | C53: CMP-338 | D53: WorkHub Enterprise | E53: Proposal | F53: 145K | G53: =IF(F53="","",IF(RIGHT(UPPER(SUBSTITUTE(SUBSTITUTE(SUBSTITUTE(TRIM(F53),"$",""),",","")," ","")),1)="K",VALUE(LEFT(UPPER(SUBSTITUTE(SUBSTITUTE(SUBSTITUTE(TRIM(F53),"$",""),",","")," ","")),LEN(UPPER(SUBSTITUTE(SUBSTITUTE(SUBSTITUTE(TRIM(F53),"$",""),",","")," ","")))-1))*1000,IF(RIGHT(UPPER(SUBSTITUTE(SUBSTITUTE(SUBSTITUTE(TRIM(F53),"$",""),",","")," ","")),1)="M",VALUE(LEFT(UPPER(SUBSTITUTE(SUBSTITUTE(SUBSTITUTE(TRIM(F53),"$",""),",","")," ","")),LEN(UPPER(SUBSTITUTE(SUBSTITUTE(SUBSTITUTE(TRIM(F53),"$",""),",","")," ","")))-1))*1000000,VALUE(SUBSTITUTE(SUBSTITUTE(SUBSTITUTE(TRIM(F53),"$",""),",","")," ",""))))) -> 145000 | H53: Content Download | I53: Hemangini Bahri | J53: =PROPER(TRIM(I53)) -> Hemangini Bahri | K53: 2022-02-14 | L53: =IF(K53="","",IF(ISNUMBER(K53),K53,IF(ISNUMBER(SEARCH("/",K53)),DATE(VALUE(RIGHT(K53,4)),VALUE(MID(K53,4,2)),VALUE(LEFT(K53,2))),DATE(VALUE(LEFT(K53,4)),VALUE(MID(K53,6,2)),VALUE(RIGHT(K53,2)))))) -> 44606 | M53: 44632 | N53: =IF(M53="","",IF(ISNUMBER(M53),M53,IF(ISNUMBER(SEARCH("/",M53)),DATE(VALUE(RIGHT(M53,4)),VALUE(MID(M53,4,2)),VALUE(LEFT(M53,2))),DATE(VALUE(LEFT(M53,4)),VALUE(MID(M53,6,2)),VALUE(RIGHT(M53,2)))))) -> 44632 | P53: =IF(O53="","",IF(ISNUMBER(O53),O53,DATE(VALUE(LEFT(O53,4)),VALUE(MID(O53,6,2)),VALUE(RIGHT(O53,2))))) | R53: 0 | S53: 1 | T53: 14.1 | U53: South Asia | V53: 145000 | W53: =IF(E53="","",IF(E53="Closed Won","Won",IF(E53="Closed Lost","Lost","Open"))) -> Open | X53: =_xlfn.XLOOKUP(B53,'Customers'!A:A,'Customers'!E:E,"") -> Mid-Market | Y53: =IF(OR(W53="Won",W53="Lost"),1,0) -> 0 | Z53: =IF(OR(N53="",P53=""),"",P53-N53) | AA53: =IF(AND(Y53=1,Z53>30),1,0) -> 0
A54: DL-00053 | B54: CUST-0355 | D54: API Access | E54: Proposal | F54: 5882 | G54: =IF(F54="","",IF(RIGHT(UPPER(SUBSTITUTE(SUBSTITUTE(SUBSTITUTE(TRIM(F54),"$",""),",","")," ","")),1)="K",VALUE(LEFT(UPPER(SUBSTITUTE(SUBSTITUTE(SUBSTITUTE(TRIM(F54),"$",""),",","")," ","")),LEN(UPPER(SUBSTITUTE(SUBSTITUTE(SUBSTITUTE(TRIM(F54),"$",""),",","")," ","")))-1))*1000,IF(RIGHT(UPPER(SUBSTITUTE(SUBSTITUTE(SUBSTITUTE(TRIM(F54),"$",""),",","")," ","")),1)="M",VALUE(LEFT(UPPER(SUBSTITUTE(SUBSTITUTE(SUBSTITUTE(TRIM(F54),"$",""),",","")," ","")),LEN(UPPER(SUBSTITUTE(SUBSTITUTE(SUBSTITUTE(TRIM(F54),"$",""),",","")," ","")))-1))*1000000,VALUE(SUBSTITUTE(SUBSTITUTE(SUBSTITUTE(TRIM(F54),"$",""),",","")," ",""))))) -> 5882 | H54: Partner Referral | I54: Jairaj Panchal | J54: =PROPER(TRIM(I54)) -> Jairaj Panchal | K54: 2023-12-20 | L54: =IF(K54="","",IF(ISNUMBER(K54),K54,IF(ISNUMBER(SEARCH("/",K54)),DATE(VALUE(RIGHT(K54,4)),VALUE(MID(K54,4,2)),VALUE(LEFT(K54,2))),DATE(VALUE(LEFT(K54,4)),VALUE(MID(K54,6,2)),VALUE(RIGHT(K54,2)))))) -> 45280 | M54: 45379 | N54: =IF(M54="","",IF(ISNUMBER(M54),M54,IF(ISNUMBER(SEARCH("/",M54)),DATE(VALUE(RIGHT(M54,4)),VALUE(MID(M54,4,2)),VALUE(LEFT(M54,2))),DATE(VALUE(LEFT(M54,4)),VALUE(MID(M54,6,2)),VALUE(RIGHT(M54,2)))))) -> 45379 | P54: =IF(O54="","",IF(ISNUMBER(O54),O54,DATE(VALUE(LEFT(O54,4)),VALUE(MID(O54,6,2)),VALUE(RIGHT(O54,2))))) | R54: 0 | S54: 1 | T54: 31.2 | U54: Middle East | V54: 5882 | W54: =IF(E54="","",IF(E54="Closed Won","Won",IF(E54="Closed Lost","Lost","Open"))) -> Open | X54: =_xlfn.XLOOKUP(B54,'Customers'!A:A,'Customers'!E:E,"") -> SMB | Y54: =IF(OR(W54="Won",W54="Lost"),1,0) -> 0 | Z54: =IF(OR(N54="",P54=""),"",P54-N54) | AA54: =IF(AND(Y54=1,Z54>30),1,0) -> 0
A55: DL-00054 | B55: CUST-0044 | C55: CMP-260 | D55: Analytics Add-on | E55: Closed Won | F55: 11707 | G55: =IF(F55="","",IF(RIGHT(UPPER(SUBSTITUTE(SUBSTITUTE(SUBSTITUTE(TRIM(F55),"$",""),",","")," ","")),1)="K",VALUE(LEFT(UPPER(SUBSTITUTE(SUBSTITUTE(SUBSTITUTE(TRIM(F55),"$",""),",","")," ","")),LEN(UPPER(SUBSTITUTE(SUBSTITUTE(SUBSTITUTE(TRIM(F55),"$",""),",","")," ","")))-1))*1000,IF(RIGHT(UPPER(SUBSTITUTE(SUBSTITUTE(SUBSTITUTE(TRIM(F55),"$",""),",","")," ","")),1)="M",VALUE(LEFT(UPPER(SUBSTITUTE(SUBSTITUTE(SUBSTITUTE(TRIM(F55),"$",""),",","")," ","")),LEN(UPPER(SUBSTITUTE(SUBSTITUTE(SUBSTITUTE(TRIM(F55),"$",""),",","")," ","")))-1))*1000000,VALUE(SUBSTITUTE(SUBSTITUTE(SUBSTITUTE(TRIM(F55),"$",""),",","")," ",""))))) -> 11707 | H55: Content Download | I55: Panini Kade | J55: =PROPER(TRIM(I55)) -> Panini Kade | K55: 2023-07-09 | L55: =IF(K55="","",IF(ISNUMBER(K55),K55,IF(ISNUMBER(SEARCH("/",K55)),DATE(VALUE(RIGHT(K55,4)),VALUE(MID(K55,4,2)),VALUE(LEFT(K55,2))),DATE(VALUE(LEFT(K55,4)),VALUE(MID(K55,6,2)),VALUE(RIGHT(K55,2)))))) -> 45116 | M55: 45139 | N55: =IF(M55="","",IF(ISNUMBER(M55),M55,IF(ISNUMBER(SEARCH("/",M55)),DATE(VALUE(RIGHT(M55,4)),VALUE(MID(M55,4,2)),VALUE(LEFT(M55,2))),DATE(VALUE(LEFT(M55,4)),VALUE(MID(M55,6,2)),VALUE(RIGHT(M55,2)))))) -> 45139 | O55: 45189 | P55: =IF(O55="","",IF(ISNUMBER(O55),O55,DATE(VALUE(LEFT(O55,4)),VALUE(MID(O55,6,2)),VALUE(RIGHT(O55,2))))) -> 45189 | Q55: 73 | R55: 0 | S55: 1 | T55: 26.6 | U55: East Africa | V55: 11707 | W55: =IF(E55="","",IF(E55="Closed Won","Won",IF(E55="Closed Lost","Lost","Open"))) -> Won | X55: =_xlfn.XLOOKUP(B55,'Customers'!A:A,'Customers'!E:E,"") -> Mid-Market | Y55: =IF(OR(W55="Won",W55="Lost"),1,0) -> 1 | Z55: =IF(OR(N55="",P55=""),"",P55-N55) -> 50 | AA55: =IF(AND(Y55=1,Z55>30),1,0) -> 1
A56: DL-00055 | B56: CUST-1336 | D56: WorkHub Enterprise | E56: Closed Lost | F56: $187,339 | G56: =IF(F56="","",IF(RIGHT(UPPER(SUBSTITUTE(SUBSTITUTE(SUBSTITUTE(TRIM(F56),"$",""),",","")," ","")),1)="K",VALUE(LEFT(UPPER(SUBSTITUTE(SUBSTITUTE(SUBSTITUTE(TRIM(F56),"$",""),",","")," ","")),LEN(UPPER(SUBSTITUTE(SUBSTITUTE(SUBSTITUTE(TRIM(F56),"$",""),",","")," ","")))-1))*1000,IF(RIGHT(UPPER(SUBSTITUTE(SUBSTITUTE(SUBSTITUTE(TRIM(F56),"$",""),",","")," ","")),1)="M",VALUE(LEFT(UPPER(SUBSTITUTE(SUBSTITUTE(SUBSTITUTE(TRIM(F56),"$",""),",","")," ","")),LEN(UPPER(SUBSTITUTE(SUBSTITUTE(SUBSTITUTE(TRIM(F56),"$",""),",","")," ","")))-1))*1000000,VALUE(SUBSTITUTE(SUBSTITUTE(SUBSTITUTE(TRIM(F56),"$",""),",","")," ",""))))) -> 187339 | H56: Webinar | I56: Anamika Keer | J56: =PROPER(TRIM(I56)) -> Anamika Keer | K56: 2022-01-29 | L56: =IF(K56="","",IF(ISNUMBER(K56),K56,IF(ISNUMBER(SEARCH("/",K56)),DATE(VALUE(RIGHT(K56,4)),VALUE(MID(K56,4,2)),VALUE(LEFT(K56,2))),DATE(VALUE(LEFT(K56,4)),VALUE(MID(K56,6,2)),VALUE(RIGHT(K56,2)))))) -> 44590 | M56: 44607 | N56: =IF(M56="","",IF(ISNUMBER(M56),M56,IF(ISNUMBER(SEARCH("/",M56)),DATE(VALUE(RIGHT(M56,4)),VALUE(MID(M56,4,2)),VALUE(LEFT(M56,2))),DATE(VALUE(LEFT(M56,4)),VALUE(MID(M56,6,2)),VALUE(RIGHT(M56,2)))))) -> 44607 | O56: 44769 | P56: =IF(O56="","",IF(ISNUMBER(O56),O56,DATE(VALUE(LEFT(O56,4)),VALUE(MID(O56,6,2)),VALUE(RIGHT(O56,2))))) -> 44769 | Q56: 179 | R56: 0 | S56: 1 | T56: 32 | U56: ANZ | V56: 187339 | W56: =IF(E56="","",IF(E56="Closed Won","Won",IF(E56="Closed Lost","Lost","Open"))) -> Lost | X56: =_xlfn.XLOOKUP(B56,'Customers'!A:A,'Customers'!E:E,"") -> Mid-Market | Y56: =IF(OR(W56="Won",W56="Lost"),1,0) -> 1 | Z56: =IF(OR(N56="",P56=""),"",P56-N56) -> 162 | AA56: =IF(AND(Y56=1,Z56>30),1,0) -> 1
A57: DL-00056 | B57: CUST-0382 | C57: CMP-183 | D57: API Access | E57: Qualification | F57: 4983 | G57: =IF(F57="","",IF(RIGHT(UPPER(SUBSTITUTE(SUBSTITUTE(SUBSTITUTE(TRIM(F57),"$",""),",","")," ","")),1)="K",VALUE(LEFT(UPPER(SUBSTITUTE(SUBSTITUTE(SUBSTITUTE(TRIM(F57),"$",""),",","")," ","")),LEN(UPPER(SUBSTITUTE(SUBSTITUTE(SUBSTITUTE(TRIM(F57),"$",""),",","")," ","")))-1))*1000,IF(RIGHT(UPPER(SUBSTITUTE(SUBSTITUTE(SUBSTITUTE(TRIM(F57),"$",""),",","")," ","")),1)="M",VALUE(LEFT(UPPER(SUBSTITUTE(SUBSTITUTE(SUBSTITUTE(TRIM(F57),"$",""),",","")," ","")),LEN(UPPER(SUBSTITUTE(SUBSTITUTE(SUBSTITUTE(TRIM(F57),"$",""),",","")," ","")))-1))*1000000,VALUE(SUBSTITUTE(SUBSTITUTE(SUBSTITUTE(TRIM(F57),"$",""),",","")," ",""))))) -> 4983 | H57: LinkedIn Ads | I57: Krish Varughese | J57: =PROPER(TRIM(I57)) -> Krish Varughese | K57: 21/06/2023 | L57: =IF(K57="","",IF(ISNUMBER(K57),K57,IF(ISNUMBER(SEARCH("/",K57)),DATE(VALUE(RIGHT(K57,4)),VALUE(MID(K57,4,2)),VALUE(LEFT(K57,2))),DATE(VALUE(LEFT(K57,4)),VALUE(MID(K57,6,2)),VALUE(RIGHT(K57,2)))))) -> 45098 | M57: 45172 | N57: =IF(M57="","",IF(ISNUMBER(M57),M57,IF(ISNUMBER(SEARCH("/",M57)),DATE(VALUE(RIGHT(M57,4)),VALUE(MID(M57,4,2)),VALUE(LEFT(M57,2))),DATE(VALUE(LEFT(M57,4)),VALUE(MID(M57,6,2)),VALUE(RIGHT(M57,2)))))) -> 45172 | P57: =IF(O57="","",IF(ISNUMBER(O57),O57,DATE(VALUE(LEFT(O57,4)),VALUE(MID(O57,6,2)),VALUE(RIGHT(O57,2))))) | R57: 0 | S57: 1 | T57: 21.4 | U57: Southeast Asia | V57: 4983 | W57: =IF(E57="","",IF(E57="Closed Won","Won",IF(E57="Closed Lost","Lost","Open"))) -> Open | X57: =_xlfn.XLOOKUP(B57,'Customers'!A:A,'Customers'!E:E,"") -> Mid-Market | Y57: =IF(OR(W57="Won",W57="Lost"),1,0) -> 0 | Z57: =IF(OR(N57="",P57=""),"",P57-N57) | AA57: =IF(AND(Y57=1,Z57>30),1,0) -> 0
A58: DL-00057 | B58: CUST-0573 | C58: CMP-248 | D58: WorkHub Core | E58: Prospecting | F58: 3474 | G58: =IF(F58="","",IF(RIGHT(UPPER(SUBSTITUTE(SUBSTITUTE(SUBSTITUTE(TRIM(F58),"$",""),",","")," ","")),1)="K",VALUE(LEFT(UPPER(SUBSTITUTE(SUBSTITUTE(SUBSTITUTE(TRIM(F58),"$",""),",","")," ","")),LEN(UPPER(SUBSTITUTE(SUBSTITUTE(SUBSTITUTE(TRIM(F58),"$",""),",","")," ","")))-1))*1000,IF(RIGHT(UPPER(SUBSTITUTE(SUBSTITUTE(SUBSTITUTE(TRIM(F58),"$",""),",","")," ","")),1)="M",VALUE(LEFT(UPPER(SUBSTITUTE(SUBSTITUTE(SUBSTITUTE(TRIM(F58),"$",""),",","")," ","")),LEN(UPPER(SUBSTITUTE(SUBSTITUTE(SUBSTITUTE(TRIM(F58),"$",""),",","")," ","")))-1))*1000000,VALUE(SUBSTITUTE(SUBSTITUTE(SUBSTITUTE(TRIM(F58),"$",""),",","")," ",""))))) -> 3474 | H58: Event | I58: Hemangini Bahri | J58: =PROPER(TRIM(I58)) -> Hemangini Bahri | K58: 23/11/2022 | L58: =IF(K58="","",IF(ISNUMBER(K58),K58,IF(ISNUMBER(SEARCH("/",K58)),DATE(VALUE(RIGHT(K58,4)),VALUE(MID(K58,4,2)),VALUE(LEFT(K58,2))),DATE(VALUE(LEFT(K58,4)),VALUE(MID(K58,6,2)),VALUE(RIGHT(K58,2)))))) -> 44888 | M58: 44964 | N58: =IF(M58="","",IF(ISNUMBER(M58),M58,IF(ISNUMBER(SEARCH("/",M58)),DATE(VALUE(RIGHT(M58,4)),VALUE(MID(M58,4,2)),VALUE(LEFT(M58,2))),DATE(VALUE(LEFT(M58,4)),VALUE(MID(M58,6,2)),VALUE(RIGHT(M58,2)))))) -> 44964 | P58: =IF(O58="","",IF(ISNUMBER(O58),O58,DATE(VALUE(LEFT(O58,4)),VALUE(MID(O58,6,2)),VALUE(RIGHT(O58,2))))) | R58: 0 | S58: 1 | U58: Middle East | V58: 3474 | W58: =IF(E58="","",IF(E58="Closed Won","Won",IF(E58="Closed Lost","Lost","Open"))) -> Open | X58: =_xlfn.XLOOKUP(B58,'Customers'!A:A,'Customers'!E:E,"") -> SMB | Y58: =IF(OR(W58="Won",W58="Lost"),1,0) -> 0 | Z58: =IF(OR(N58="",P58=""),"",P58-N58) | AA58: =IF(AND(Y58=1,Z58>30),1,0) -> 0
A59: DL-00058 | B59: CUST-1300 | C59: CMP-091 | D59: WorkHub Pro | E59: Qualification | F59: $15,399 | G59: =IF(F59="","",IF(RIGHT(UPPER(SUBSTITUTE(SUBSTITUTE(SUBSTITUTE(TRIM(F59),"$",""),",","")," ","")),1)="K",VALUE(LEFT(UPPER(SUBSTITUTE(SUBSTITUTE(SUBSTITUTE(TRIM(F59),"$",""),",","")," ","")),LEN(UPPER(SUBSTITUTE(SUBSTITUTE(SUBSTITUTE(TRIM(F59),"$",""),",","")," ","")))-1))*1000,IF(RIGHT(UPPER(SUBSTITUTE(SUBSTITUTE(SUBSTITUTE(TRIM(F59),"$",""),",","")," ","")),1)="M",VALUE(LEFT(UPPER(SUBSTITUTE(SUBSTITUTE(SUBSTITUTE(TRIM(F59),"$",""),",","")," ","")),LEN(UPPER(SUBSTITUTE(SUBSTITUTE(SUBSTITUTE(TRIM(F59),"$",""),",","")," ","")))-1))*1000000,VALUE(SUBSTITUTE(SUBSTITUTE(SUBSTITUTE(TRIM(F59),"$",""),",","")," ",""))))) -> 15399 | H59: Partner Referral | I59: jalsa parsa | J59: =PROPER(TRIM(I59)) -> Jalsa Parsa | K59: 2024-08-30 | L59: =IF(K59="","",IF(ISNUMBER(K59),K59,IF(ISNUMBER(SEARCH("/",K59)),DATE(VALUE(RIGHT(K59,4)),VALUE(MID(K59,4,2)),VALUE(LEFT(K59,2))),DATE(VALUE(LEFT(K59,4)),VALUE(MID(K59,6,2)),VALUE(RIGHT(K59,2)))))) -> 45534 | M59: 45614 | N59: =IF(M59="","",IF(ISNUMBER(M59),M59,IF(ISNUMBER(SEARCH("/",M59)),DATE(VALUE(RIGHT(M59,4)),VALUE(MID(M59,4,2)),VALUE(LEFT(M59,2))),DATE(VALUE(LEFT(M59,4)),VALUE(MID(M59,6,2)),VALUE(RIGHT(M59,2)))))) -> 45614 | P59: =IF(O59="","",IF(ISNUMBER(O59),O59,DATE(VALUE(LEFT(O59,4)),VALUE(MID(O59,6,2)),VALUE(RIGHT(O59,2))))) | R59: 0 | S59: 1 | T59: 20.1 | U59: ANZ | V59: 15399 | W59: =IF(E59="","",IF(E59="Closed Won","Won",IF(E59="Closed Lost","Lost","Open"))) -> Open | X59: =_xlfn.XLOOKUP(B59,'Customers'!A:A,'Customers'!E:E,"") -> SMB | Y59: =IF(OR(W59="Won",W59="Lost"),1,0) -> 0 | Z59: =IF(OR(N59="",P59=""),"",P59-N59) | AA59: =IF(AND(Y59=1,Z59>30),1,0) -> 0
A60: DL-00059 | B60: CUST-0296 | D60: WorkHub Pro | E60: Demo | F60: $41,412 | G60: =IF(F60="","",IF(RIGHT(UPPER(SUBSTITUTE(SUBSTITUTE(SUBSTITUTE(TRIM(F60),"$",""),",","")," ","")),1)="K",VALUE(LEFT(UPPER(SUBSTITUTE(SUBSTITUTE(SUBSTITUTE(TRIM(F60),"$",""),",","")," ","")),LEN(UPPER(SUBSTITUTE(SUBSTITUTE(SUBSTITUTE(TRIM(F60),"$",""),",","")," ","")))-1))*1000,IF(RIGHT(UPPER(SUBSTITUTE(SUBSTITUTE(SUBSTITUTE(TRIM(F60),"$",""),",","")," ","")),1)="M",VALUE(LEFT(UPPER(SUBSTITUTE(SUBSTITUTE(SUBSTITUTE(TRIM(F60),"$",""),",","")," ","")),LEN(UPPER(SUBSTITUTE(SUBSTITUTE(SUBSTITUTE(TRIM(F60),"$",""),",","")," ","")))-1))*1000000,VALUE(SUBSTITUTE(SUBSTITUTE(SUBSTITUTE(TRIM(F60),"$",""),",","")," ",""))))) -> 41412 | H60: Partner Referral | I60: Owen Mane | J60: =PROPER(TRIM(I60)) -> Owen Mane | K60: 28/12/2024 | L60: =IF(K60="","",IF(ISNUMBER(K60),K60,IF(ISNUMBER(SEARCH("/",K60)),DATE(VALUE(RIGHT(K60,4)),VALUE(MID(K60,4,2)),VALUE(LEFT(K60,2))),DATE(VALUE(LEFT(K60,4)),VALUE(MID(K60,6,2)),VALUE(RIGHT(K60,2)))))) -> 45654 | M60: 45718 | N60: =IF(M60="","",IF(ISNUMBER(M60),M60,IF(ISNUMBER(SEARCH("/",M60)),DATE(VALUE(RIGHT(M60,4)),VALUE(MID(M60,4,2)),VALUE(LEFT(M60,2))),DATE(VALUE(LEFT(M60,4)),VALUE(MID(M60,6,2)),VALUE(RIGHT(M60,2)))))) -> 45718 | P60: =IF(O60="","",IF(ISNUMBER(O60),O60,DATE(VALUE(LEFT(O60,4)),VALUE(MID(O60,6,2)),VALUE(RIGHT(O60,2))))) | R60: 0 | S60: 1 | U60: ANZ | V60: 41412 | W60: =IF(E60="","",IF(E60="Closed Won","Won",IF(E60="Closed Lost","Lost","Open"))) -> Open | X60: =_xlfn.XLOOKUP(B60,'Customers'!A:A,'Customers'!E:E,"") -> Mid-Market | Y60: =IF(OR(W60="Won",W60="Lost"),1,0) -> 0 | Z60: =IF(OR(N60="",P60=""),"",P60-N60) | AA60: =IF(AND(Y60=1,Z60>30),1,0) -> 0
A61: DL-00060 | B61: CUST-1119 | C61: CMP-210 | D61: Analytics Add-on | E61: Proposal | F61: $11,753 | G61: =IF(F61="","",IF(RIGHT(UPPER(SUBSTITUTE(SUBSTITUTE(SUBSTITUTE(TRIM(F61),"$",""),",","")," ","")),1)="K",VALUE(LEFT(UPPER(SUBSTITUTE(SUBSTITUTE(SUBSTITUTE(TRIM(F61),"$",""),",","")," ","")),LEN(UPPER(SUBSTITUTE(SUBSTITUTE(SUBSTITUTE(TRIM(F61),"$",""),",","")," ","")))-1))*1000,IF(RIGHT(UPPER(SUBSTITUTE(SUBSTITUTE(SUBSTITUTE(TRIM(F61),"$",""),",","")," ","")),1)="M",VALUE(LEFT(UPPER(SUBSTITUTE(SUBSTITUTE(SUBSTITUTE(TRIM(F61),"$",""),",","")," ","")),LEN(UPPER(SUBSTITUTE(SUBSTITUTE(SUBSTITUTE(TRIM(F61),"$",""),",","")," ","")))-1))*1000000,VALUE(SUBSTITUTE(SUBSTITUTE(SUBSTITUTE(TRIM(F61),"$",""),",","")," ",""))))) -> 11753 | H61: LinkedIn Ads | I61: Amruta Sinha | J61: =PROPER(TRIM(I61)) -> Amruta Sinha | K61: 18/11/2023 | L61: =IF(K61="","",IF(ISNUMBER(K61),K61,IF(ISNUMBER(SEARCH("/",K61)),DATE(VALUE(RIGHT(K61,4)),VALUE(MID(K61,4,2)),VALUE(LEFT(K61,2))),DATE(VALUE(LEFT(K61,4)),VALUE(MID(K61,6,2)),VALUE(RIGHT(K61,2)))))) -> 45248 | M61: 45369 | N61: =IF(M61="","",IF(ISNUMBER(M61),M61,IF(ISNUMBER(SEARCH("/",M61)),DATE(VALUE(RIGHT(M61,4)),VALUE(MID(M61,4,2)),VALUE(LEFT(M61,2))),DATE(VALUE(LEFT(M61,4)),VALUE(MID(M61,6,2)),VALUE(RIGHT(M61,2)))))) -> 45369 | P61: =IF(O61="","",IF(ISNUMBER(O61),O61,DATE(VALUE(LEFT(O61,4)),VALUE(MID(O61,6,2)),VALUE(RIGHT(O61,2))))) | R61: 0 | S61: 1 | T61: 2.5 | U61: East Africa | V61: 11753 | W61: =IF(E61="","",IF(E61="Closed Won","Won",IF(E61="Closed Lost","Lost","Open"))) -> Open | X61: =_xlfn.XLOOKUP(B61,'Customers'!A:A,'Customers'!E:E,"") -> Mid-Market | Y61: =IF(OR(W61="Won",W61="Lost"),1,0) -> 0 | Z61: =IF(OR(N61="",P61=""),"",P61-N61) | AA61: =IF(AND(Y61=1,Z61>30),1,0) -> 0
A62: DL-00061 | B62: CUST-0695 | C62: CMP-316 | D62: Analytics Add-on | E62: Proposal | F62: $5,321 | G62: =IF(F62="","",IF(RIGHT(UPPER(SUBSTITUTE(SUBSTITUTE(SUBSTITUTE(TRIM(F62),"$",""),",","")," ","")),1)="K",VALUE(LEFT(UPPER(SUBSTITUTE(SUBSTITUTE(SUBSTITUTE(TRIM(F62),"$",""),",","")," ","")),LEN(UPPER(SUBSTITUTE(SUBSTITUTE(SUBSTITUTE(TRIM(F62),"$",""),",","")," ","")))-1))*1000,IF(RIGHT(UPPER(SUBSTITUTE(SUBSTITUTE(SUBSTITUTE(TRIM(F62),"$",""),",","")," ","")),1)="M",VALUE(LEFT(UPPER(SUBSTITUTE(SUBSTITUTE(SUBSTITUTE(TRIM(F62),"$",""),",","")," ","")),LEN(UPPER(SUBSTITUTE(SUBSTITUTE(SUBSTITUTE(TRIM(F62),"$",""),",","")," ","")))-1))*1000000,VALUE(SUBSTITUTE(SUBSTITUTE(SUBSTITUTE(TRIM(F62),"$",""),",","")," ",""))))) -> 5321 | H62: Cold Outreach | I62: RACHIT LALL | J62: =PROPER(TRIM(I62)) -> Rachit Lall | K62: 2024-10-10 | L62: =IF(K62="","",IF(ISNUMBER(K62),K62,IF(ISNUMBER(SEARCH("/",K62)),DATE(VALUE(RIGHT(K62,4)),VALUE(MID(K62,4,2)),VALUE(LEFT(K62,2))),DATE(VALUE(LEFT(K62,4)),VALUE(MID(K62,6,2)),VALUE(RIGHT(K62,2)))))) -> 45575 | M62: 45734 | N62: =IF(M62="","",IF(ISNUMBER(M62),M62,IF(ISNUMBER(SEARCH("/",M62)),DATE(VALUE(RIGHT(M62,4)),VALUE(MID(M62,4,2)),VALUE(LEFT(M62,2))),DATE(VALUE(LEFT(M62,4)),VALUE(MID(M62,6,2)),VALUE(RIGHT(M62,2)))))) -> 45734 | P62: =IF(O62="","",IF(ISNUMBER(O62),O62,DATE(VALUE(LEFT(O62,4)),VALUE(MID(O62,6,2)),VALUE(RIGHT(O62,2))))) | R62: 0 | S62: 1 | T62: 0.9 | U62: Southeast Asia | V62: 5321 | W62: =IF(E62="","",IF(E62="Closed Won","Won",IF(E62="Closed Lost","Lost","Open"))) -> Open | X62: =_xlfn.XLOOKUP(B62,'Customers'!A:A,'Customers'!E:E,"") -> SMB | Y62: =IF(OR(W62="Won",W62="Lost"),1,0) -> 0 | Z62: =IF(OR(N62="",P62=""),"",P62-N62) | AA62: =IF(AND(Y62=1,Z62>30),1,0) -> 0
A63: DL-00062 | B63: CUST-0071 | C63: CMP-130 | D63: Analytics Add-on | E63: Qualification | F63: $8,071 | G63: =IF(F63="","",IF(RIGHT(UPPER(SUBSTITUTE(SUBSTITUTE(SUBSTITUTE(TRIM(F63),"$",""),",","")," ","")),1)="K",VALUE(LEFT(UPPER(SUBSTITUTE(SUBSTITUTE(SUBSTITUTE(TRIM(F63),"$",""),",","")," ","")),LEN(UPPER(SUBSTITUTE(SUBSTITUTE(SUBSTITUTE(TRIM(F63),"$",""),",","")," ","")))-1))*1000,IF(RIGHT(UPPER(SUBSTITUTE(SUBSTITUTE(SUBSTITUTE(TRIM(F63),"$",""),",","")," ","")),1)="M",VALUE(LEFT(UPPER(SUBSTITUTE(SUBSTITUTE(SUBSTITUTE(TRIM(F63),"$",""),",","")," ","")),LEN(UPPER(SUBSTITUTE(SUBSTITUTE(SUBSTITUTE(TRIM(F63),"$",""),",","")," ","")))-1))*1000000,VALUE(SUBSTITUTE(SUBSTITUTE(SUBSTITUTE(TRIM(F63),"$",""),",","")," ",""))))) -> 8071 | H63: Paid Search | I63: Panini Kade | J63: =PROPER(TRIM(I63)) -> Panini Kade | K63: 2024-11-09 | L63: =IF(K63="","",IF(ISNUMBER(K63),K63,IF(ISNUMBER(SEARCH("/",K63)),DATE(VALUE(RIGHT(K63,4)),VALUE(MID(K63,4,2)),VALUE(LEFT(K63,2))),DATE(VALUE(LEFT(K63,4)),VALUE(MID(K63,6,2)),VALUE(RIGHT(K63,2)))))) -> 45605 | M63: 45719 | N63: =IF(M63="","",IF(ISNUMBER(M63),M63,IF(ISNUMBER(SEARCH("/",M63)),DATE(VALUE(RIGHT(M63,4)),VALUE(MID(M63,4,2)),VALUE(LEFT(M63,2))),DATE(VALUE(LEFT(M63,4)),VALUE(MID(M63,6,2)),VALUE(RIGHT(M63,2)))))) -> 45719 | P63: =IF(O63="","",IF(ISNUMBER(O63),O63,DATE(VALUE(LEFT(O63,4)),VALUE(MID(O63,6,2)),VALUE(RIGHT(O63,2))))) | R63: 0 | S63: 1 | U63: Middle East | V63: 8071 | W63: =IF(E63="","",IF(E63="Closed Won","Won",IF(E63="Closed Lost","Lost","Open"))) -> Open | X63: =_xlfn.XLOOKUP(B63,'Customers'!A:A,'Customers'!E:E,"") -> Mid-Market | Y63: =IF(OR(W63="Won",W63="Lost"),1,0) -> 0 | Z63: =IF(OR(N63="",P63=""),"",P63-N63) | AA63: =IF(AND(Y63=1,Z63>30),1,0) -> 0
A64: DL-00063 | B64: CUST-0230 | C64: CMP-389 | D64: Analytics Add-on | E64: Prospecting | F64: $7,857 | G64: =IF(F64="","",IF(RIGHT(UPPER(SUBSTITUTE(SUBSTITUTE(SUBSTITUTE(TRIM(F64),"$",""),",","")," ","")),1)="K",VALUE(LEFT(UPPER(SUBSTITUTE(SUBSTITUTE(SUBSTITUTE(TRIM(F64),"$",""),",","")," ","")),LEN(UPPER(SUBSTITUTE(SUBSTITUTE(SUBSTITUTE(TRIM(F64),"$",""),",","")," ","")))-1))*1000,IF(RIGHT(UPPER(SUBSTITUTE(SUBSTITUTE(SUBSTITUTE(TRIM(F64),"$",""),",","")," ","")),1)="M",VALUE(LEFT(UPPER(SUBSTITUTE(SUBSTITUTE(SUBSTITUTE(TRIM(F64),"$",""),",","")," ","")),LEN(UPPER(SUBSTITUTE(SUBSTITUTE(SUBSTITUTE(TRIM(F64),"$",""),",","")," ","")))-1))*1000000,VALUE(SUBSTITUTE(SUBSTITUTE(SUBSTITUTE(TRIM(F64),"$",""),",","")," ",""))))) -> 7857 | H64: LinkedIn Ads | I64: Jalsa Parsa | J64: =PROPER(TRIM(I64)) -> Jalsa Parsa | K64: 2022-01-13 | L64: =IF(K64="","",IF(ISNUMBER(K64),K64,IF(ISNUMBER(SEARCH("/",K64)),DATE(VALUE(RIGHT(K64,4)),VALUE(MID(K64,4,2)),VALUE(LEFT(K64,2))),DATE(VALUE(LEFT(K64,4)),VALUE(MID(K64,6,2)),VALUE(RIGHT(K64,2)))))) -> 44574 | M64: 44693 | N64: =IF(M64="","",IF(ISNUMBER(M64),M64,IF(ISNUMBER(SEARCH("/",M64)),DATE(VALUE(RIGHT(M64,4)),VALUE(MID(M64,4,2)),VALUE(LEFT(M64,2))),DATE(VALUE(LEFT(M64,4)),VALUE(MID(M64,6,2)),VALUE(RIGHT(M64,2)))))) -> 44693 | P64: =IF(O64="","",IF(ISNUMBER(O64),O64,DATE(VALUE(LEFT(O64,4)),VALUE(MID(O64,6,2)),VALUE(RIGHT(O64,2))))) | R64: 0 | S64: 1 | T64: 34.2 | U64: Southeast Asia | V64: 7857 | W64: =IF(E64="","",IF(E64="Closed Won","Won",IF(E64="Closed Lost","Lost","Open"))) -> Open | X64: =_xlfn.XLOOKUP(B64,'Customers'!A:A,'Customers'!E:E,"") -> SMB | Y64: =IF(OR(W64="Won",W64="Lost"),1,0) -> 0 | Z64: =IF(OR(N64="",P64=""),"",P64-N64) | AA64: =IF(AND(Y64=1,Z64>30),1,0) -> 0
A65: DL-00064 | B65: CUST-0296 | C65: CMP-243 | D65: WorkHub Core | E65: Negotiation | F65: 2392 | G65: =IF(F65="","",IF(RIGHT(UPPER(SUBSTITUTE(SUBSTITUTE(SUBSTITUTE(TRIM(F65),"$",""),",","")," ","")),1)="K",VALUE(LEFT(UPPER(SUBSTITUTE(SUBSTITUTE(SUBSTITUTE(TRIM(F65),"$",""),",","")," ","")),LEN(UPPER(SUBSTITUTE(SUBSTITUTE(SUBSTITUTE(TRIM(F65),"$",""),",","")," ","")))-1))*1000,IF(RIGHT(UPPER(SUBSTITUTE(SUBSTITUTE(SUBSTITUTE(TRIM(F65),"$",""),",","")," ","")),1)="M",VALUE(LEFT(UPPER(SUBSTITUTE(SUBSTITUTE(SUBSTITUTE(TRIM(F65),"$",""),",","")," ","")),LEN(UPPER(SUBSTITUTE(SUBSTITUTE(SUBSTITUTE(TRIM(F65),"$",""),",","")," ","")))-1))*1000000,VALUE(SUBSTITUTE(SUBSTITUTE(SUBSTITUTE(TRIM(F65),"$",""),",","")," ",""))))) -> 2392 | H65: Inbound Organic | I65: Kashish Patla | J65: =PROPER(TRIM(I65)) -> Kashish Patla | K65: 2022-06-18 | L65: =IF(K65="","",IF(ISNUMBER(K65),K65,IF(ISNUMBER(SEARCH("/",K65)),DATE(VALUE(RIGHT(K65,4)),VALUE(MID(K65,4,2)),VALUE(LEFT(K65,2))),DATE(VALUE(LEFT(K65,4)),VALUE(MID(K65,6,2)),VALUE(RIGHT(K65,2)))))) -> 44730 | M65: 44749 | N65: =IF(M65="","",IF(ISNUMBER(M65),M65,IF(ISNUMBER(SEARCH("/",M65)),DATE(VALUE(RIGHT(M65,4)),VALUE(MID(M65,4,2)),VALUE(LEFT(M65,2))),DATE(VALUE(LEFT(M65,4)),VALUE(MID(M65,6,2)),VALUE(RIGHT(M65,2)))))) -> 44749 | P65: =IF(O65="","",IF(ISNUMBER(O65),O65,DATE(VALUE(LEFT(O65,4)),VALUE(MID(O65,6,2)),VALUE(RIGHT(O65,2))))) | R65: 0 | S65: 1 | T65: 10.7 | U65: ANZ | V65: 2392 | W65: =IF(E65="","",IF(E65="Closed Won","Won",IF(E65="Closed Lost","Lost","Open"))) -> Open | X65: =_xlfn.XLOOKUP(B65,'Customers'!A:A,'Customers'!E:E,"") -> Mid-Market | Y65: =IF(OR(W65="Won",W65="Lost"),1,0) -> 0 | Z65: =IF(OR(N65="",P65=""),"",P65-N65) | AA65: =IF(AND(Y65=1,Z65>30),1,0) -> 0
A66: DL-00065 | B66: CUST-0427 | D66: WorkHub Pro | E66: Proposal | F66: 35K | G66: =IF(F66="","",IF(RIGHT(UPPER(SUBSTITUTE(SUBSTITUTE(SUBSTITUTE(TRIM(F66),"$",""),",","")," ","")),1)="K",VALUE(LEFT(UPPER(SUBSTITUTE(SUBSTITUTE(SUBSTITUTE(TRIM(F66),"$",""),",","")," ","")),LEN(UPPER(SUBSTITUTE(SUBSTITUTE(SUBSTITUTE(TRIM(F66),"$",""),",","")," ","")))-1))*1000,IF(RIGHT(UPPER(SUBSTITUTE(SUBSTITUTE(SUBSTITUTE(TRIM(F66),"$",""),",","")," ","")),1)="M",VALUE(LEFT(UPPER(SUBSTITUTE(SUBSTITUTE(SUBSTITUTE(TRIM(F66),"$",""),",","")," ","")),LEN(UPPER(SUBSTITUTE(SUBSTITUTE(SUBSTITUTE(TRIM(F66),"$",""),",","")," ","")))-1))*1000000,VALUE(SUBSTITUTE(SUBSTITUTE(SUBSTITUTE(TRIM(F66),"$",""),",","")," ",""))))) -> 35000 | H66: Cold Outreach | I66: Patrick Sama | J66: =PROPER(TRIM(I66)) -> Patrick Sama | K66: 2022-06-11 | L66: =IF(K66="","",IF(ISNUMBER(K66),K66,IF(ISNUMBER(SEARCH("/",K66)),DATE(VALUE(RIGHT(K66,4)),VALUE(MID(K66,4,2)),VALUE(LEFT(K66,2))),DATE(VALUE(LEFT(K66,4)),VALUE(MID(K66,6,2)),VALUE(RIGHT(K66,2)))))) -> 44723 | M66: 44814 | N66: =IF(M66="","",IF(ISNUMBER(M66),M66,IF(ISNUMBER(SEARCH("/",M66)),DATE(VALUE(RIGHT(M66,4)),VALUE(MID(M66,4,2)),VALUE(LEFT(M66,2))),DATE(VALUE(LEFT(M66,4)),VALUE(MID(M66,6,2)),VALUE(RIGHT(M66,2)))))) -> 44814 | P66: =IF(O66="","",IF(ISNUMBER(O66),O66,DATE(VALUE(LEFT(O66,4)),VALUE(MID(O66,6,2)),VALUE(RIGHT(O66,2))))) | R66: 0 | S66: 1 | T66: 0.8 | U66: Middle East | V66: 35000 | W66: =IF(E66="","",IF(E66="Closed Won","Won",IF(E66="Closed Lost","Lost","Open"))) -> Open | X66: =_xlfn.XLOOKUP(B66,'Customers'!A:A,'Customers'!E:E,"") -> SMB | Y66: =IF(OR(W66="Won",W66="Lost"),1,0) -> 0 | Z66: =IF(OR(N66="",P66=""),"",P66-N66) | AA66: =IF(AND(Y66=1,Z66>30),1,0) -> 0
A67: DL-00066 | B67: CUST-0736 | D67: API Access | E67: Proposal | F67: 5768 | G67: =IF(F67="","",IF(RIGHT(UPPER(SUBSTITUTE(SUBSTITUTE(SUBSTITUTE(TRIM(F67),"$",""),",","")," ","")),1)="K",VALUE(LEFT(UPPER(SUBSTITUTE(SUBSTITUTE(SUBSTITUTE(TRIM(F67),"$",""),",","")," ","")),LEN(UPPER(SUBSTITUTE(SUBSTITUTE(SUBSTITUTE(TRIM(F67),"$",""),",","")," ","")))-1))*1000,IF(RIGHT(UPPER(SUBSTITUTE(SUBSTITUTE(SUBSTITUTE(TRIM(F67),"$",""),",","")," ","")),1)="M",VALUE(LEFT(UPPER(SUBSTITUTE(SUBSTITUTE(SUBSTITUTE(TRIM(F67),"$",""),",","")," ","")),LEN(UPPER(SUBSTITUTE(SUBSTITUTE(SUBSTITUTE(TRIM(F67),"$",""),",","")," ","")))-1))*1000000,VALUE(SUBSTITUTE(SUBSTITUTE(SUBSTITUTE(TRIM(F67),"$",""),",","")," ",""))))) -> 5768 | H67: Paid Search | I67: VIDHI MITAL | J67: =PROPER(TRIM(I67)) -> Vidhi Mital | K67: 2022-08-05 | L67: =IF(K67="","",IF(ISNUMBER(K67),K67,IF(ISNUMBER(SEARCH("/",K67)),DATE(VALUE(RIGHT(K67,4)),VALUE(MID(K67,4,2)),VALUE(LEFT(K67,2))),DATE(VALUE(LEFT(K67,4)),VALUE(MID(K67,6,2)),VALUE(RIGHT(K67,2)))))) -> 44778 | M67: 44874 | N67: =IF(M67="","",IF(ISNUMBER(M67),M67,IF(ISNUMBER(SEARCH("/",M67)),DATE(VALUE(RIGHT(M67,4)),VALUE(MID(M67,4,2)),VALUE(LEFT(M67,2))),DATE(VALUE(LEFT(M67,4)),VALUE(MID(M67,6,2)),VALUE(RIGHT(M67,2)))))) -> 44874 | P67: =IF(O67="","",IF(ISNUMBER(O67),O67,DATE(VALUE(LEFT(O67,4)),VALUE(MID(O67,6,2)),VALUE(RIGHT(O67,2))))) | R67: 0 | S67: 1 | T67: 18.8 | U67: ANZ | V67: 5768 | W67: =IF(E67="","",IF(E67="Closed Won","Won",IF(E67="Closed Lost","Lost","Open"))) -> Open | X67: =_xlfn.XLOOKUP(B67,'Customers'!A:A,'Customers'!E:E,"") -> Mid-Market | Y67: =IF(OR(W67="Won",W67="Lost"),1,0) -> 0 | Z67: =IF(OR(N67="",P67=""),"",P67-N67) | AA67: =IF(AND(Y67=1,Z67>30),1,0) -> 0
A68: DL-00067 | B68: CUST-0829 | D68: WorkHub Enterprise | E68: Closed Won | F68: $161,310 | G68: =IF(F68="","",IF(RIGHT(UPPER(SUBSTITUTE(SUBSTITUTE(SUBSTITUTE(TRIM(F68),"$",""),",","")," ","")),1)="K",VALUE(LEFT(UPPER(SUBSTITUTE(SUBSTITUTE(SUBSTITUTE(TRIM(F68),"$",""),",","")," ","")),LEN(UPPER(SUBSTITUTE(SUBSTITUTE(SUBSTITUTE(TRIM(F68),"$",""),",","")," ","")))-1))*1000,IF(RIGHT(UPPER(SUBSTITUTE(SUBSTITUTE(SUBSTITUTE(TRIM(F68),"$",""),",","")," ","")),1)="M",VALUE(LEFT(UPPER(SUBSTITUTE(SUBSTITUTE(SUBSTITUTE(TRIM(F68),"$",""),",","")," ","")),LEN(UPPER(SUBSTITUTE(SUBSTITUTE(SUBSTITUTE(TRIM(F68),"$",""),",","")," ","")))-1))*1000000,VALUE(SUBSTITUTE(SUBSTITUTE(SUBSTITUTE(TRIM(F68),"$",""),",","")," ",""))))) -> 161310 | H68: Content Download | I68: Champak Rao | J68: =PROPER(TRIM(I68)) -> Champak Rao | K68: 2024-11-18 | L68: =IF(K68="","",IF(ISNUMBER(K68),K68,IF(ISNUMBER(SEARCH("/",K68)),DATE(VALUE(RIGHT(K68,4)),VALUE(MID(K68,4,2)),VALUE(LEFT(K68,2))),DATE(VALUE(LEFT(K68,4)),VALUE(MID(K68,6,2)),VALUE(RIGHT(K68,2)))))) -> 45614 | M68: 45747 | N68: =IF(M68="","",IF(ISNUMBER(M68),M68,IF(ISNUMBER(SEARCH("/",M68)),DATE(VALUE(RIGHT(M68,4)),VALUE(MID(M68,4,2)),VALUE(LEFT(M68,2))),DATE(VALUE(LEFT(M68,4)),VALUE(MID(M68,6,2)),VALUE(RIGHT(M68,2)))))) -> 45747 | O68: 45649 | P68: =IF(O68="","",IF(ISNUMBER(O68),O68,DATE(VALUE(LEFT(O68,4)),VALUE(MID(O68,6,2)),VALUE(RIGHT(O68,2))))) -> 45649 | Q68: 35 | R68: 0 | S68: 1 | T68: 17.5 | U68: East Africa | V68: 161310 | W68: =IF(E68="","",IF(E68="Closed Won","Won",IF(E68="Closed Lost","Lost","Open"))) -> Won | X68: =_xlfn.XLOOKUP(B68,'Customers'!A:A,'Customers'!E:E,"") -> Mid-Market | Y68: =IF(OR(W68="Won",W68="Lost"),1,0) -> 1 | Z68: =IF(OR(N68="",P68=""),"",P68-N68) -> -98 | AA68: =IF(AND(Y68=1,Z68>30),1,0) -> 0
A69: DL-00068 | B69: CUST-0898 | C69: CMP-372 | D69: API Access | E69: Closed Lost | F69: 16K | G69: =IF(F69="","",IF(RIGHT(UPPER(SUBSTITUTE(SUBSTITUTE(SUBSTITUTE(TRIM(F69),"$",""),",","")," ","")),1)="K",VALUE(LEFT(UPPER(SUBSTITUTE(SUBSTITUTE(SUBSTITUTE(TRIM(F69),"$",""),",","")," ","")),LEN(UPPER(SUBSTITUTE(SUBSTITUTE(SUBSTITUTE(TRIM(F69),"$",""),",","")," ","")))-1))*1000,IF(RIGHT(UPPER(SUBSTITUTE(SUBSTITUTE(SUBSTITUTE(TRIM(F69),"$",""),",","")," ","")),1)="M",VALUE(LEFT(UPPER(SUBSTITUTE(SUBSTITUTE(SUBSTITUTE(TRIM(F69),"$",""),",","")," ","")),LEN(UPPER(SUBSTITUTE(SUBSTITUTE(SUBSTITUTE(TRIM(F69),"$",""),",","")," ","")))-1))*1000000,VALUE(SUBSTITUTE(SUBSTITUTE(SUBSTITUTE(TRIM(F69),"$",""),",","")," ",""))))) -> 16000 | H69: Paid Search | I69: HEMANGINI BAHRI | J69: =PROPER(TRIM(I69)) -> Hemangini Bahri | K69: 2023-08-21 | L69: =IF(K69="","",IF(ISNUMBER(K69),K69,IF(ISNUMBER(SEARCH("/",K69)),DATE(VALUE(RIGHT(K69,4)),VALUE(MID(K69,4,2)),VALUE(LEFT(K69,2))),DATE(VALUE(LEFT(K69,4)),VALUE(MID(K69,6,2)),VALUE(RIGHT(K69,2)))))) -> 45159 | M69: 45195 | N69: =IF(M69="","",IF(ISNUMBER(M69),M69,IF(ISNUMBER(SEARCH("/",M69)),DATE(VALUE(RIGHT(M69,4)),VALUE(MID(M69,4,2)),VALUE(LEFT(M69,2))),DATE(VALUE(LEFT(M69,4)),VALUE(MID(M69,6,2)),VALUE(RIGHT(M69,2)))))) -> 45195 | O69: 45190 | P69: =IF(O69="","",IF(ISNUMBER(O69),O69,DATE(VALUE(LEFT(O69,4)),VALUE(MID(O69,6,2)),VALUE(RIGHT(O69,2))))) -> 45190 | Q69: 31 | R69: 0 | S69: 1 | T69: 1.8 | U69: Southeast Asia | V69: 16000 | W69: =IF(E69="","",IF(E69="Closed Won","Won",IF(E69="Closed Lost","Lost","Open"))) -> Lost | X69: =_xlfn.XLOOKUP(B69,'Customers'!A:A,'Customers'!E:E,"") -> Mid-Market | Y69: =IF(OR(W69="Won",W69="Lost"),1,0) -> 1 | Z69: =IF(OR(N69="",P69=""),"",P69-N69) -> -5 | AA69: =IF(AND(Y69=1,Z69>30),1,0) -> 0
A70: DL-00069 | B70: CUST-1496 | D70: WorkHub Pro | E70: Closed Won | F70: $45,871 | G70: =IF(F70="","",IF(RIGHT(UPPER(SUBSTITUTE(SUBSTITUTE(SUBSTITUTE(TRIM(F70),"$",""),",","")," ","")),1)="K",VALUE(LEFT(UPPER(SUBSTITUTE(SUBSTITUTE(SUBSTITUTE(TRIM(F70),"$",""),",","")," ","")),LEN(UPPER(SUBSTITUTE(SUBSTITUTE(SUBSTITUTE(TRIM(F70),"$",""),",","")," ","")))-1))*1000,IF(RIGHT(UPPER(SUBSTITUTE(SUBSTITUTE(SUBSTITUTE(TRIM(F70),"$",""),",","")," ","")),1)="M",VALUE(LEFT(UPPER(SUBSTITUTE(SUBSTITUTE(SUBSTITUTE(TRIM(F70),"$",""),",","")," ","")),LEN(UPPER(SUBSTITUTE(SUBSTITUTE(SUBSTITUTE(TRIM(F70),"$",""),",","")," ","")))-1))*1000000,VALUE(SUBSTITUTE(SUBSTITUTE(SUBSTITUTE(TRIM(F70),"$",""),",","")," ",""))))) -> 45871 | H70: Cold Outreach | I70: Anamika Keer | J70: =PROPER(TRIM(I70)) -> Anamika Keer | K70: 2024-07-08 | L70: =IF(K70="","",IF(ISNUMBER(K70),K70,IF(ISNUMBER(SEARCH("/",K70)),DATE(VALUE(RIGHT(K70,4)),VALUE(MID(K70,4,2)),VALUE(LEFT(K70,2))),DATE(VALUE(LEFT(K70,4)),VALUE(MID(K70,6,2)),VALUE(RIGHT(K70,2)))))) -> 45481 | M70: 45536 | N70: =IF(M70="","",IF(ISNUMBER(M70),M70,IF(ISNUMBER(SEARCH("/",M70)),DATE(VALUE(RIGHT(M70,4)),VALUE(MID(M70,4,2)),VALUE(LEFT(M70,2))),DATE(VALUE(LEFT(M70,4)),VALUE(MID(M70,6,2)),VALUE(RIGHT(M70,2)))))) -> 45536 | O70: 45647 | P70: =IF(O70="","",IF(ISNUMBER(O70),O70,DATE(VALUE(LEFT(O70,4)),VALUE(MID(O70,6,2)),VALUE(RIGHT(O70,2))))) -> 45647 | Q70: 166 | R70: 0 | S70: 1 | T70: 14.4 | U70: South Asia | V70: 45871 | W70: =IF(E70="","",IF(E70="Closed Won","Won",IF(E70="Closed Lost","Lost","Open"))) -> Won | X70: =_xlfn.XLOOKUP(B70,'Customers'!A:A,'Customers'!E:E,"") -> SMB | Y70: =IF(OR(W70="Won",W70="Lost"),1,0) -> 1 | Z70: =IF(OR(N70="",P70=""),"",P70-N70) -> 111 | AA70: =IF(AND(Y70=1,Z70>30),1,0) -> 1
A71: DL-00070 | B71: CUST-0341 | C71: CMP-366 | D71: WorkHub Pro | E71: Closed Won | F71: $9,657 | G71: =IF(F71="","",IF(RIGHT(UPPER(SUBSTITUTE(SUBSTITUTE(SUBSTITUTE(TRIM(F71),"$",""),",","")," ","")),1)="K",VALUE(LEFT(UPPER(SUBSTITUTE(SUBSTITUTE(SUBSTITUTE(TRIM(F71),"$",""),",","")," ","")),LEN(UPPER(SUBSTITUTE(SUBSTITUTE(SUBSTITUTE(TRIM(F71),"$",""),",","")," ","")))-1))*1000,IF(RIGHT(UPPER(SUBSTITUTE(SUBSTITUTE(SUBSTITUTE(TRIM(F71),"$",""),",","")," ","")),1)="M",VALUE(LEFT(UPPER(SUBSTITUTE(SUBSTITUTE(SUBSTITUTE(TRIM(F71),"$",""),",","")," ","")),LEN(UPPER(SUBSTITUTE(SUBSTITUTE(SUBSTITUTE(TRIM(F71),"$",""),",","")," ","")))-1))*1000000,VALUE(SUBSTITUTE(SUBSTITUTE(SUBSTITUTE(TRIM(F71),"$",""),",","")," ",""))))) -> 9657 | H71: Event | I71: Ekta Uppal | J71: =PROPER(TRIM(I71)) -> Ekta Uppal | K71: 2023-11-05 | L71: =IF(K71="","",IF(ISNUMBER(K71),K71,IF(ISNUMBER(SEARCH("/",K71)),DATE(VALUE(RIGHT(K71,4)),VALUE(MID(K71,4,2)),VALUE(LEFT(K71,2))),DATE(VALUE(LEFT(K71,4)),VALUE(MID(K71,6,2)),VALUE(RIGHT(K71,2)))))) -> 45235 | N71: =IF(M71="","",IF(ISNUMBER(M71),M71,IF(ISNUMBER(SEARCH("/",M71)),DATE(VALUE(RIGHT(M71,4)),VALUE(MID(M71,4,2)),VALUE(LEFT(M71,2))),DATE(VALUE(LEFT(M71,4)),VALUE(MID(M71,6,2)),VALUE(RIGHT(M71,2)))))) | O71: 45260 | P71: =IF(O71="","",IF(ISNUMBER(O71),O71,DATE(VALUE(LEFT(O71,4)),VALUE(MID(O71,6,2)),VALUE(RIGHT(O71,2))))) -> 45260 | Q71: 25 | R71: 1 | S71: 4 | T71: 8.7 | U71: ANZ | V71: 9657 | W71: =IF(E71="","",IF(E71="Closed Won","Won",IF(E71="Closed Lost","Lost","Open"))) -> Won | X71: =_xlfn.XLOOKUP(B71,'Customers'!A:A,'Customers'!E:E,"") -> SMB | Y71: =IF(OR(W71="Won",W71="Lost"),1,0) -> 1 | Z71: =IF(OR(N71="",P71=""),"",P71-N71) | AA71: =IF(AND(Y71=1,Z71>30),1,0) -> 1
A72: DL-00071 | B72: CUST-0228 | C72: CMP-197 | D72: API Access | E72: Prospecting | F72: 8,743 | G72: =IF(F72="","",IF(RIGHT(UPPER(SUBSTITUTE(SUBSTITUTE(SUBSTITUTE(TRIM(F72),"$",""),",","")," ","")),1)="K",VALUE(LEFT(UPPER(SUBSTITUTE(SUBSTITUTE(SUBSTITUTE(TRIM(F72),"$",""),",","")," ","")),LEN(UPPER(SUBSTITUTE(SUBSTITUTE(SUBSTITUTE(TRIM(F72),"$",""),",","")," ","")))-1))*1000,IF(RIGHT(UPPER(SUBSTITUTE(SUBSTITUTE(SUBSTITUTE(TRIM(F72),"$",""),",","")," ","")),1)="M",VALUE(LEFT(UPPER(SUBSTITUTE(SUBSTITUTE(SUBSTITUTE(TRIM(F72),"$",""),",","")," ","")),LEN(UPPER(SUBSTITUTE(SUBSTITUTE(SUBSTITUTE(TRIM(F72),"$",""),",","")," ","")))-1))*1000000,VALUE(SUBSTITUTE(SUBSTITUTE(SUBSTITUTE(TRIM(F72),"$",""),",","")," ",""))))) -> 8743 | H72: Content Download | I72: Shivani Natt | J72: =PROPER(TRIM(I72)) -> Shivani Natt | K72: 2022-09-06 | L72: =IF(K72="","",IF(ISNUMBER(K72),K72,IF(ISNUMBER(SEARCH("/",K72)),DATE(VALUE(RIGHT(K72,4)),VALUE(MID(K72,4,2)),VALUE(LEFT(K72,2))),DATE(VALUE(LEFT(K72,4)),VALUE(MID(K72,6,2)),VALUE(RIGHT(K72,2)))))) -> 44810 | N72: =IF(M72="","",IF(ISNUMBER(M72),M72,IF(ISNUMBER(SEARCH("/",M72)),DATE(VALUE(RIGHT(M72,4)),VALUE(MID(M72,4,2)),VALUE(LEFT(M72,2))),DATE(VALUE(LEFT(M72,4)),VALUE(MID(M72,6,2)),VALUE(RIGHT(M72,2)))))) | P72: =IF(O72="","",IF(ISNUMBER(O72),O72,DATE(VALUE(LEFT(O72,4)),VALUE(MID(O72,6,2)),VALUE(RIGHT(O72,2))))) | R72: 0 | S72: 1 | T72: 33.4 | U72: Southeast Asia | V72: 8743 | W72: =IF(E72="","",IF(E72="Closed Won","Won",IF(E72="Closed Lost","Lost","Open"))) -> Open | X72: =_xlfn.XLOOKUP(B72,'Customers'!A:A,'Customers'!E:E,"") -> SMB | Y72: =IF(OR(W72="Won",W72="Lost"),1,0) -> 0 | Z72: =IF(OR(N72="",P72=""),"",P72-N72) | AA72: =IF(AND(Y72=1,Z72>30),1,0) -> 0
A73: DL-00072 | B73: CUST-0285 | C73: CMP-279 | D73: Analytics Add-on | E73: Qualification | F73: 11K | G73: =IF(F73="","",IF(RIGHT(UPPER(SUBSTITUTE(SUBSTITUTE(SUBSTITUTE(TRIM(F73),"$",""),",","")," ","")),1)="K",VALUE(LEFT(UPPER(SUBSTITUTE(SUBSTITUTE(SUBSTITUTE(TRIM(F73),"$",""),",","")," ","")),LEN(UPPER(SUBSTITUTE(SUBSTITUTE(SUBSTITUTE(TRIM(F73),"$",""),",","")," ","")))-1))*1000,IF(RIGHT(UPPER(SUBSTITUTE(SUBSTITUTE(SUBSTITUTE(TRIM(F73),"$",""),",","")," ","")),1)="M",VALUE(LEFT(UPPER(SUBSTITUTE(SUBSTITUTE(SUBSTITUTE(TRIM(F73),"$",""),",","")," ","")),LEN(UPPER(SUBSTITUTE(SUBSTITUTE(SUBSTITUTE(TRIM(F73),"$",""),",","")," ","")))-1))*1000000,VALUE(SUBSTITUTE(SUBSTITUTE(SUBSTITUTE(TRIM(F73),"$",""),",","")," ",""))))) -> 11000 | H73: Event | I73: Hemangini Bahri | J73: =PROPER(TRIM(I73)) -> Hemangini Bahri | K73: 2024-07-30 | L73: =IF(K73="","",IF(ISNUMBER(K73),K73,IF(ISNUMBER(SEARCH("/",K73)),DATE(VALUE(RIGHT(K73,4)),VALUE(MID(K73,4,2)),VALUE(LEFT(K73,2))),DATE(VALUE(LEFT(K73,4)),VALUE(MID(K73,6,2)),VALUE(RIGHT(K73,2)))))) -> 45503 | N73: =IF(M73="","",IF(ISNUMBER(M73),M73,IF(ISNUMBER(SEARCH("/",M73)),DATE(VALUE(RIGHT(M73,4)),VALUE(MID(M73,4,2)),VALUE(LEFT(M73,2))),DATE(VALUE(LEFT(M73,4)),VALUE(MID(M73,6,2)),VALUE(RIGHT(M73,2)))))) | P73: =IF(O73="","",IF(ISNUMBER(O73),O73,DATE(VALUE(LEFT(O73,4)),VALUE(MID(O73,6,2)),VALUE(RIGHT(O73,2))))) | R73: 0 | S73: 1 | T73: 27.8 | U73: South Asia | V73: 11000 | W73: =IF(E73="","",IF(E73="Closed Won","Won",IF(E73="Closed Lost","Lost","Open"))) -> Open | X73: =_xlfn.XLOOKUP(B73,'Customers'!A:A,'Customers'!E:E,"") -> Mid-Market | Y73: =IF(OR(W73="Won",W73="Lost"),1,0) -> 0 | Z73: =IF(OR(N73="",P73=""),"",P73-N73) | AA73: =IF(AND(Y73=1,Z73>30),1,0) -> 0
A74: DL-00073 | B74: CUST-1122 | D74: Analytics Add-on | E74: Proposal | F74: $5,728 | G74: =IF(F74="","",IF(RIGHT(UPPER(SUBSTITUTE(SUBSTITUTE(SUBSTITUTE(TRIM(F74),"$",""),",","")," ","")),1)="K",VALUE(LEFT(UPPER(SUBSTITUTE(SUBSTITUTE(SUBSTITUTE(TRIM(F74),"$",""),",","")," ","")),LEN(UPPER(SUBSTITUTE(SUBSTITUTE(SUBSTITUTE(TRIM(F74),"$",""),",","")," ","")))-1))*1000,IF(RIGHT(UPPER(SUBSTITUTE(SUBSTITUTE(SUBSTITUTE(TRIM(F74),"$",""),",","")," ","")),1)="M",VALUE(LEFT(UPPER(SUBSTITUTE(SUBSTITUTE(SUBSTITUTE(TRIM(F74),"$",""),",","")," ","")),LEN(UPPER(SUBSTITUTE(SUBSTITUTE(SUBSTITUTE(TRIM(F74),"$",""),",","")," ","")))-1))*1000000,VALUE(SUBSTITUTE(SUBSTITUTE(SUBSTITUTE(TRIM(F74),"$",""),",","")," ",""))))) -> 5728 | H74: Partner Referral | I74: vidhi mital | J74: =PROPER(TRIM(I74)) -> Vidhi Mital | K74: 2024-11-20 | L74: =IF(K74="","",IF(ISNUMBER(K74),K74,IF(ISNUMBER(SEARCH("/",K74)),DATE(VALUE(RIGHT(K74,4)),VALUE(MID(K74,4,2)),VALUE(LEFT(K74,2))),DATE(VALUE(LEFT(K74,4)),VALUE(MID(K74,6,2)),VALUE(RIGHT(K74,2)))))) -> 45616 | M74: 45742 | N74: =IF(M74="","",IF(ISNUMBER(M74),M74,IF(ISNUMBER(SEARCH("/",M74)),DATE(VALUE(RIGHT(M74,4)),VALUE(MID(M74,4,2)),VALUE(LEFT(M74,2))),DATE(VALUE(LEFT(M74,4)),VALUE(MID(M74,6,2)),VALUE(RIGHT(M74,2)))))) -> 45742 | P74: =IF(O74="","",IF(ISNUMBER(O74),O74,DATE(VALUE(LEFT(O74,4)),VALUE(MID(O74,6,2)),VALUE(RIGHT(O74,2))))) | R74: 0 | S74: 1 | T74: 3.4 | U74: South Asia | V74: 5728 | W74: =IF(E74="","",IF(E74="Closed Won","Won",IF(E74="Closed Lost","Lost","Open"))) -> Open | X74: =_xlfn.XLOOKUP(B74,'Customers'!A:A,'Customers'!E:E,"") -> SMB | Y74: =IF(OR(W74="Won",W74="Lost"),1,0) -> 0 | Z74: =IF(OR(N74="",P74=""),"",P74-N74) | AA74: =IF(AND(Y74=1,Z74>30),1,0) -> 0
A75: DL-00074 | B75: CUST-0175 | D75: WorkHub Enterprise | E75: Prospecting | F75: $73,214 | G75: =IF(F75="","",IF(RIGHT(UPPER(SUBSTITUTE(SUBSTITUTE(SUBSTITUTE(TRIM(F75),"$",""),",","")," ","")),1)="K",VALUE(LEFT(UPPER(SUBSTITUTE(SUBSTITUTE(SUBSTITUTE(TRIM(F75),"$",""),",","")," ","")),LEN(UPPER(SUBSTITUTE(SUBSTITUTE(SUBSTITUTE(TRIM(F75),"$",""),",","")," ","")))-1))*1000,IF(RIGHT(UPPER(SUBSTITUTE(SUBSTITUTE(SUBSTITUTE(TRIM(F75),"$",""),",","")," ","")),1)="M",VALUE(LEFT(UPPER(SUBSTITUTE(SUBSTITUTE(SUBSTITUTE(TRIM(F75),"$",""),",","")," ","")),LEN(UPPER(SUBSTITUTE(SUBSTITUTE(SUBSTITUTE(TRIM(F75),"$",""),",","")," ","")))-1))*1000000,VALUE(SUBSTITUTE(SUBSTITUTE(SUBSTITUTE(TRIM(F75),"$",""),",","")," ",""))))) -> 73214 | H75: Content Download | I75: Owen Mane | J75: =PROPER(TRIM(I75)) -> Owen Mane | K75: 2023-09-25 | L75: =IF(K75="","",IF(ISNUMBER(K75),K75,IF(ISNUMBER(SEARCH("/",K75)),DATE(VALUE(RIGHT(K75,4)),VALUE(MID(K75,4,2)),VALUE(LEFT(K75,2))),DATE(VALUE(LEFT(K75,4)),VALUE(MID(K75,6,2)),VALUE(RIGHT(K75,2)))))) -> 45194 | M75: 45371 | N75: =IF(M75="","",IF(ISNUMBER(M75),M75,IF(ISNUMBER(SEARCH("/",M75)),DATE(VALUE(RIGHT(M75,4)),VALUE(MID(M75,4,2)),VALUE(LEFT(M75,2))),DATE(VALUE(LEFT(M75,4)),VALUE(MID(M75,6,2)),VALUE(RIGHT(M75,2)))))) -> 45371 | P75: =IF(O75="","",IF(ISNUMBER(O75),O75,DATE(VALUE(LEFT(O75,4)),VALUE(MID(O75,6,2)),VALUE(RIGHT(O75,2))))) | R75: 0 | S75: 1 | U75: Southeast Asia | V75: 73214 | W75: =IF(E75="","",IF(E75="Closed Won","Won",IF(E75="Closed Lost","Lost","Open"))) -> Open | X75: =_xlfn.XLOOKUP(B75,'Customers'!A:A,'Customers'!E:E,"") -> SMB | Y75: =IF(OR(W75="Won",W75="Lost"),1,0) -> 0 | Z75: =IF(OR(N75="",P75=""),"",P75-N75) | AA75: =IF(AND(Y75=1,Z75>30),1,0) -> 0
A76: DL-00075 | B76: CUST-0842 | C76: CMP-137 | D76: WorkHub Core | E76: Proposal | F76: 8,451 | G76: =IF(F76="","",IF(RIGHT(UPPER(SUBSTITUTE(SUBSTITUTE(SUBSTITUTE(TRIM(F76),"$",""),",","")," ","")),1)="K",VALUE(LEFT(UPPER(SUBSTITUTE(SUBSTITUTE(SUBSTITUTE(TRIM(F76),"$",""),",","")," ","")),LEN(UPPER(SUBSTITUTE(SUBSTITUTE(SUBSTITUTE(TRIM(F76),"$",""),",","")," ","")))-1))*1000,IF(RIGHT(UPPER(SUBSTITUTE(SUBSTITUTE(SUBSTITUTE(TRIM(F76),"$",""),",","")," ","")),1)="M",VALUE(LEFT(UPPER(SUBSTITUTE(SUBSTITUTE(SUBSTITUTE(TRIM(F76),"$",""),",","")," ","")),LEN(UPPER(SUBSTITUTE(SUBSTITUTE(SUBSTITUTE(TRIM(F76),"$",""),",","")," ","")))-1))*1000000,VALUE(SUBSTITUTE(SUBSTITUTE(SUBSTITUTE(TRIM(F76),"$",""),",","")," ",""))))) -> 8451 | H76: Product-Led Signup | I76: Hemangini Bahri | J76: =PROPER(TRIM(I76)) -> Hemangini Bahri | K76: 2023-07-14 | L76: =IF(K76="","",IF(ISNUMBER(K76),K76,IF(ISNUMBER(SEARCH("/",K76)),DATE(VALUE(RIGHT(K76,4)),VALUE(MID(K76,4,2)),VALUE(LEFT(K76,2))),DATE(VALUE(LEFT(K76,4)),VALUE(MID(K76,6,2)),VALUE(RIGHT(K76,2)))))) -> 45121 | M76: 45173 | N76: =IF(M76="","",IF(ISNUMBER(M76),M76,IF(ISNUMBER(SEARCH("/",M76)),DATE(VALUE(RIGHT(M76,4)),VALUE(MID(M76,4,2)),VALUE(LEFT(M76,2))),DATE(VALUE(LEFT(M76,4)),VALUE(MID(M76,6,2)),VALUE(RIGHT(M76,2)))))) -> 45173 | P76: =IF(O76="","",IF(ISNUMBER(O76),O76,DATE(VALUE(LEFT(O76,4)),VALUE(MID(O76,6,2)),VALUE(RIGHT(O76,2))))) | R76: 0 | S76: 1 | T76: 3.3 | U76: South Asia | V76: 8451 | W76: =IF(E76="","",IF(E76="Closed Won","Won",IF(E76="Closed Lost","Lost","Open"))) -> Open | X76: =_xlfn.XLOOKUP(B76,'Customers'!A:A,'Customers'!E:E,"") -> SMB | Y76: =IF(OR(W76="Won",W76="Lost"),1,0) -> 0 | Z76: =IF(OR(N76="",P76=""),"",P76-N76) | AA76: =IF(AND(Y76=1,Z76>30),1,0) -> 0
A77: DL-00076 | B77: CUST-1447 | D77: API Access | E77: Closed Lost | F77: $23,350 | G77: =IF(F77="","",IF(RIGHT(UPPER(SUBSTITUTE(SUBSTITUTE(SUBSTITUTE(TRIM(F77),"$",""),",","")," ","")),1)="K",VALUE(LEFT(UPPER(SUBSTITUTE(SUBSTITUTE(SUBSTITUTE(TRIM(F77),"$",""),",","")," ","")),LEN(UPPER(SUBSTITUTE(SUBSTITUTE(SUBSTITUTE(TRIM(F77),"$",""),",","")," ","")))-1))*1000,IF(RIGHT(UPPER(SUBSTITUTE(SUBSTITUTE(SUBSTITUTE(TRIM(F77),"$",""),",","")," ","")),1)="M",VALUE(LEFT(UPPER(SUBSTITUTE(SUBSTITUTE(SUBSTITUTE(TRIM(F77),"$",""),",","")," ","")),LEN(UPPER(SUBSTITUTE(SUBSTITUTE(SUBSTITUTE(TRIM(F77),"$",""),",","")," ","")))-1))*1000000,VALUE(SUBSTITUTE(SUBSTITUTE(SUBSTITUTE(TRIM(F77),"$",""),",","")," ",""))))) -> 23350 | H77: Content Download | I77: Kashish Patla | J77: =PROPER(TRIM(I77)) -> Kashish Patla | K77: 2023-08-15 | L77: =IF(K77="","",IF(ISNUMBER(K77),K77,IF(ISNUMBER(SEARCH("/",K77)),DATE(VALUE(RIGHT(K77,4)),VALUE(MID(K77,4,2)),VALUE(LEFT(K77,2))),DATE(VALUE(LEFT(K77,4)),VALUE(MID(K77,6,2)),VALUE(RIGHT(K77,2)))))) -> 45153 | M77: 45268 | N77: =IF(M77="","",IF(ISNUMBER(M77),M77,IF(ISNUMBER(SEARCH("/",M77)),DATE(VALUE(RIGHT(M77,4)),VALUE(MID(M77,4,2)),VALUE(LEFT(M77,2))),DATE(VALUE(LEFT(M77,4)),VALUE(MID(M77,6,2)),VALUE(RIGHT(M77,2)))))) -> 45268 | O77: 45308 | P77: =IF(O77="","",IF(ISNUMBER(O77),O77,DATE(VALUE(LEFT(O77,4)),VALUE(MID(O77,6,2)),VALUE(RIGHT(O77,2))))) -> 45308 | Q77: 155 | R77: 0 | S77: 1 | T77: 12.1 | U77: Middle East | V77: 23350 | W77: =IF(E77="","",IF(E77="Closed Won","Won",IF(E77="Closed Lost","Lost","Open"))) -> Lost | X77: =_xlfn.XLOOKUP(B77,'Customers'!A:A,'Customers'!E:E,"") -> Enterprise | Y77: =IF(OR(W77="Won",W77="Lost"),1,0) -> 1 | Z77: =IF(OR(N77="",P77=""),"",P77-N77) -> 40 | AA77: =IF(AND(Y77=1,Z77>30),1,0) -> 1
A78: DL-00077 | B78: CUST-0958 | C78: CMP-072 | D78: WorkHub Pro | E78: Closed Won | F78: 22,827 | G78: =IF(F78="","",IF(RIGHT(UPPER(SUBSTITUTE(SUBSTITUTE(SUBSTITUTE(TRIM(F78),"$",""),",","")," ","")),1)="K",VALUE(LEFT(UPPER(SUBSTITUTE(SUBSTITUTE(SUBSTITUTE(TRIM(F78),"$",""),",","")," ","")),LEN(UPPER(SUBSTITUTE(SUBSTITUTE(SUBSTITUTE(TRIM(F78),"$",""),",","")," ","")))-1))*1000,IF(RIGHT(UPPER(SUBSTITUTE(SUBSTITUTE(SUBSTITUTE(TRIM(F78),"$",""),",","")," ","")),1)="M",VALUE(LEFT(UPPER(SUBSTITUTE(SUBSTITUTE(SUBSTITUTE(TRIM(F78),"$",""),",","")," ","")),LEN(UPPER(SUBSTITUTE(SUBSTITUTE(SUBSTITUTE(TRIM(F78),"$",""),",","")," ","")))-1))*1000000,VALUE(SUBSTITUTE(SUBSTITUTE(SUBSTITUTE(TRIM(F78),"$",""),",","")," ",""))))) -> 22827 | H78: Cold Outreach | I78: Owen Mane | J78: =PROPER(TRIM(I78)) -> Owen Mane | K78: 2023-04-01 | L78: =IF(K78="","",IF(ISNUMBER(K78),K78,IF(ISNUMBER(SEARCH("/",K78)),DATE(VALUE(RIGHT(K78,4)),VALUE(MID(K78,4,2)),VALUE(LEFT(K78,2))),DATE(VALUE(LEFT(K78,4)),VALUE(MID(K78,6,2)),VALUE(RIGHT(K78,2)))))) -> 45017 | M78: 45034 | N78: =IF(M78="","",IF(ISNUMBER(M78),M78,IF(ISNUMBER(SEARCH("/",M78)),DATE(VALUE(RIGHT(M78,4)),VALUE(MID(M78,4,2)),VALUE(LEFT(M78,2))),DATE(VALUE(LEFT(M78,4)),VALUE(MID(M78,6,2)),VALUE(RIGHT(M78,2)))))) -> 45034 | O78: 45077 | P78: =IF(O78="","",IF(ISNUMBER(O78),O78,DATE(VALUE(LEFT(O78,4)),VALUE(MID(O78,6,2)),VALUE(RIGHT(O78,2))))) -> 45077 | Q78: 60 | R78: 0 | S78: 1 | T78: 34.7 | U78: Middle East | V78: 22827 | W78: =IF(E78="","",IF(E78="Closed Won","Won",IF(E78="Closed Lost","Lost","Open"))) -> Won | X78: =_xlfn.XLOOKUP(B78,'Customers'!A:A,'Customers'!E:E,"") -> Mid-Market | Y78: =IF(OR(W78="Won",W78="Lost"),1,0) -> 1 | Z78: =IF(OR(N78="",P78=""),"",P78-N78) -> 43 | AA78: =IF(AND(Y78=1,Z78>30),1,0) -> 1
A79: DL-00078 | B79: CUST-0238 | D79: Analytics Add-on | E79: Closed Lost | F79: $3,773 | G79: =IF(F79="","",IF(RIGHT(UPPER(SUBSTITUTE(SUBSTITUTE(SUBSTITUTE(TRIM(F79),"$",""),",","")," ","")),1)="K",VALUE(LEFT(UPPER(SUBSTITUTE(SUBSTITUTE(SUBSTITUTE(TRIM(F79),"$",""),",","")," ","")),LEN(UPPER(SUBSTITUTE(SUBSTITUTE(SUBSTITUTE(TRIM(F79),"$",""),",","")," ","")))-1))*1000,IF(RIGHT(UPPER(SUBSTITUTE(SUBSTITUTE(SUBSTITUTE(TRIM(F79),"$",""),",","")," ","")),1)="M",VALUE(LEFT(UPPER(SUBSTITUTE(SUBSTITUTE(SUBSTITUTE(TRIM(F79),"$",""),",","")," ","")),LEN(UPPER(SUBSTITUTE(SUBSTITUTE(SUBSTITUTE(TRIM(F79),"$",""),",","")," ","")))-1))*1000000,VALUE(SUBSTITUTE(SUBSTITUTE(SUBSTITUTE(TRIM(F79),"$",""),",","")," ",""))))) -> 3773 | H79: LinkedIn Ads | I79: Owen Mane | J79: =PROPER(TRIM(I79)) -> Owen Mane | K79: 2024-03-25 | L79: =IF(K79="","",IF(ISNUMBER(K79),K79,IF(ISNUMBER(SEARCH("/",K79)),DATE(VALUE(RIGHT(K79,4)),VALUE(MID(K79,4,2)),VALUE(LEFT(K79,2))),DATE(VALUE(LEFT(K79,4)),VALUE(MID(K79,6,2)),VALUE(RIGHT(K79,2)))))) -> 45376 | M79: 45509 | N79: =IF(M79="","",IF(ISNUMBER(M79),M79,IF(ISNUMBER(SEARCH("/",M79)),DATE(VALUE(RIGHT(M79,4)),VALUE(MID(M79,4,2)),VALUE(LEFT(M79,2))),DATE(VALUE(LEFT(M79,4)),VALUE(MID(M79,6,2)),VALUE(RIGHT(M79,2)))))) -> 45509 | O79: 45452 | P79: =IF(O79="","",IF(ISNUMBER(O79),O79,DATE(VALUE(LEFT(O79,4)),VALUE(MID(O79,6,2)),VALUE(RIGHT(O79,2))))) -> 45452 | Q79: 76 | R79: 0 | S79: 1 | T79: 1.9 | U79: Southeast Asia | V79: 3773 | W79: =IF(E79="","",IF(E79="Closed Won","Won",IF(E79="Closed Lost","Lost","Open"))) -> Lost | X79: =_xlfn.XLOOKUP(B79,'Customers'!A:A,'Customers'!E:E,"") -> Mid-Market | Y79: =IF(OR(W79="Won",W79="Lost"),1,0) -> 1 | Z79: =IF(OR(N79="",P79=""),"",P79-N79) -> -57 | AA79: =IF(AND(Y79=1,Z79>30),1,0) -> 0
A80: DL-00079 | B80: CUST-1070 | C80: CMP-336 | D80: WorkHub Pro | E80: Proposal | F80: 31403 | G80: =IF(F80="","",IF(RIGHT(UPPER(SUBSTITUTE(SUBSTITUTE(SUBSTITUTE(TRIM(F80),"$",""),",","")," ","")),1)="K",VALUE(LEFT(UPPER(SUBSTITUTE(SUBSTITUTE(SUBSTITUTE(TRIM(F80),"$",""),",","")," ","")),LEN(UPPER(SUBSTITUTE(SUBSTITUTE(SUBSTITUTE(TRIM(F80),"$",""),",","")," ","")))-1))*1000,IF(RIGHT(UPPER(SUBSTITUTE(SUBSTITUTE(SUBSTITUTE(TRIM(F80),"$",""),",","")," ","")),1)="M",VALUE(LEFT(UPPER(SUBSTITUTE(SUBSTITUTE(SUBSTITUTE(TRIM(F80),"$",""),",","")," ","")),LEN(UPPER(SUBSTITUTE(SUBSTITUTE(SUBSTITUTE(TRIM(F80),"$",""),",","")," ","")))-1))*1000000,VALUE(SUBSTITUTE(SUBSTITUTE(SUBSTITUTE(TRIM(F80),"$",""),",","")," ",""))))) -> 31403 | H80: Inbound Organic | I80: Jasmit Gour | J80: =PROPER(TRIM(I80)) -> Jasmit Gour | K80: 2022-09-18 | L80: =IF(K80="","",IF(ISNUMBER(K80),K80,IF(ISNUMBER(SEARCH("/",K80)),DATE(VALUE(RIGHT(K80,4)),VALUE(MID(K80,4,2)),VALUE(LEFT(K80,2))),DATE(VALUE(LEFT(K80,4)),VALUE(MID(K80,6,2)),VALUE(RIGHT(K80,2)))))) -> 44822 | M80: 44997 | N80: =IF(M80="","",IF(ISNUMBER(M80),M80,IF(ISNUMBER(SEARCH("/",M80)),DATE(VALUE(RIGHT(M80,4)),VALUE(MID(M80,4,2)),VALUE(LEFT(M80,2))),DATE(VALUE(LEFT(M80,4)),VALUE(MID(M80,6,2)),VALUE(RIGHT(M80,2)))))) -> 44997 | P80: =IF(O80="","",IF(ISNUMBER(O80),O80,DATE(VALUE(LEFT(O80,4)),VALUE(MID(O80,6,2)),VALUE(RIGHT(O80,2))))) | R80: 0 | S80: 1 | T80: 12.3 | U80: East Africa | V80: 31403 | W80: =IF(E80="","",IF(E80="Closed Won","Won",IF(E80="Closed Lost","Lost","Open"))) -> Open | X80: =_xlfn.XLOOKUP(B80,'Customers'!A:A,'Customers'!E:E,"") -> SMB | Y80: =IF(OR(W80="Won",W80="Lost"),1,0) -> 0 | Z80: =IF(OR(N80="",P80=""),"",P80-N80) | AA80: =IF(AND(Y80=1,Z80>30),1,0) -> 0
A81: DL-00080 | B81: CUST-0024 | C81: CMP-325 | D81: Analytics Add-on | E81: Closed Won | F81: 6144 | G81: =IF(F81="","",IF(RIGHT(UPPER(SUBSTITUTE(SUBSTITUTE(SUBSTITUTE(TRIM(F81),"$",""),",","")," ","")),1)="K",VALUE(LEFT(UPPER(SUBSTITUTE(SUBSTITUTE(SUBSTITUTE(TRIM(F81),"$",""),",","")," ","")),LEN(UPPER(SUBSTITUTE(SUBSTITUTE(SUBSTITUTE(TRIM(F81),"$",""),",","")," ","")))-1))*1000,IF(RIGHT(UPPER(SUBSTITUTE(SUBSTITUTE(SUBSTITUTE(TRIM(F81),"$",""),",","")," ","")),1)="M",VALUE(LEFT(UPPER(SUBSTITUTE(SUBSTITUTE(SUBSTITUTE(TRIM(F81),"$",""),",","")," ","")),LEN(UPPER(SUBSTITUTE(SUBSTITUTE(SUBSTITUTE(TRIM(F81),"$",""),",","")," ","")))-1))*1000000,VALUE(SUBSTITUTE(SUBSTITUTE(SUBSTITUTE(TRIM(F81),"$",""),",","")," ",""))))) -> 6144 | H81: Product-Led Signup | I81: Patrick Sama | J81: =PROPER(TRIM(I81)) -> Patrick Sama | K81: 2023-06-14 | L81: =IF(K81="","",IF(ISNUMBER(K81),K81,IF(ISNUMBER(SEARCH("/",K81)),DATE(VALUE(RIGHT(K81,4)),VALUE(MID(K81,4,2)),VALUE(LEFT(K81,2))),DATE(VALUE(LEFT(K81,4)),VALUE(MID(K81,6,2)),VALUE(RIGHT(K81,2)))))) -> 45091 | M81: 45184 | N81: =IF(M81="","",IF(ISNUMBER(M81),M81,IF(ISNUMBER(SEARCH("/",M81)),DATE(VALUE(RIGHT(M81,4)),VALUE(MID(M81,4,2)),VALUE(LEFT(M81,2))),DATE(VALUE(LEFT(M81,4)),VALUE(MID(M81,6,2)),VALUE(RIGHT(M81,2)))))) -> 45184 | O81: 45147 | P81: =IF(O81="","",IF(ISNUMBER(O81),O81,DATE(VALUE(LEFT(O81,4)),VALUE(MID(O81,6,2)),VALUE(RIGHT(O81,2))))) -> 45147 | Q81: 56 | R81: 0 | S81: 1 | T81: 14.7 | U81: South Asia | V81: 6144 | W81: =IF(E81="","",IF(E81="Closed Won","Won",IF(E81="Closed Lost","Lost","Open"))) -> Won | X81: =_xlfn.XLOOKUP(B81,'Customers'!A:A,'Customers'!E:E,"") -> Enterprise | Y81: =IF(OR(W81="Won",W81="Lost"),1,0) -> 1 | Z81: =IF(OR(N81="",P81=""),"",P81-N81) -> -37 | AA81: =IF(AND(Y81=1,Z81>30),1,0) -> 0
A82: DL-00081 | B82: CUST-0181 | C82: CMP-210 | D82: WorkHub Enterprise | E82: Qualification | F82: $130,625 | G82: =IF(F82="","",IF(RIGHT(UPPER(SUBSTITUTE(SUBSTITUTE(SUBSTITUTE(TRIM(F82),"$",""),",","")," ","")),1)="K",VALUE(LEFT(UPPER(SUBSTITUTE(SUBSTITUTE(SUBSTITUTE(TRIM(F82),"$",""),",","")," ","")),LEN(UPPER(SUBSTITUTE(SUBSTITUTE(SUBSTITUTE(TRIM(F82),"$",""),",","")," ","")))-1))*1000,IF(RIGHT(UPPER(SUBSTITUTE(SUBSTITUTE(SUBSTITUTE(TRIM(F82),"$",""),",","")," ","")),1)="M",VALUE(LEFT(UPPER(SUBSTITUTE(SUBSTITUTE(SUBSTITUTE(TRIM(F82),"$",""),",","")," ","")),LEN(UPPER(SUBSTITUTE(SUBSTITUTE(SUBSTITUTE(TRIM(F82),"$",""),",","")," ","")))-1))*1000000,VALUE(SUBSTITUTE(SUBSTITUTE(SUBSTITUTE(TRIM(F82),"$",""),",","")," ",""))))) -> 130625 | H82: Cold Outreach | I82: Aachal Soni | J82: =PROPER(TRIM(I82)) -> Aachal Soni | K82: 2023-09-26 | L82: =IF(K82="","",IF(ISNUMBER(K82),K82,IF(ISNUMBER(SEARCH("/",K82)),DATE(VALUE(RIGHT(K82,4)),VALUE(MID(K82,4,2)),VALUE(LEFT(K82,2))),DATE(VALUE(LEFT(K82,4)),VALUE(MID(K82,6,2)),VALUE(RIGHT(K82,2)))))) -> 45195 | M82: 45270 | N82: =IF(M82="","",IF(ISNUMBER(M82),M82,IF(ISNUMBER(SEARCH("/",M82)),DATE(VALUE(RIGHT(M82,4)),VALUE(MID(M82,4,2)),VALUE(LEFT(M82,2))),DATE(VALUE(LEFT(M82,4)),VALUE(MID(M82,6,2)),VALUE(RIGHT(M82,2)))))) -> 45270 | P82: =IF(O82="","",IF(ISNUMBER(O82),O82,DATE(VALUE(LEFT(O82,4)),VALUE(MID(O82,6,2)),VALUE(RIGHT(O82,2))))) | R82: 0 | S82: 1 | U82: Southeast Asia | V82: 130625 | W82: =IF(E82="","",IF(E82="Closed Won","Won",IF(E82="Closed Lost","Lost","Open"))) -> Open | X82: =_xlfn.XLOOKUP(B82,'Customers'!A:A,'Customers'!E:E,"") -> SMB | Y82: =IF(OR(W82="Won",W82="Lost"),1,0) -> 0 | Z82: =IF(OR(N82="",P82=""),"",P82-N82) | AA82: =IF(AND(Y82=1,Z82>30),1,0) -> 0
A83: DL-00082 | B83: CUST-0208 | C83: CMP-142 | D83: WorkHub Pro | E83: Closed Won | F83: 42136 | G83: =IF(F83="","",IF(RIGHT(UPPER(SUBSTITUTE(SUBSTITUTE(SUBSTITUTE(TRIM(F83),"$",""),",","")," ","")),1)="K",VALUE(LEFT(UPPER(SUBSTITUTE(SUBSTITUTE(SUBSTITUTE(TRIM(F83),"$",""),",","")," ","")),LEN(UPPER(SUBSTITUTE(SUBSTITUTE(SUBSTITUTE(TRIM(F83),"$",""),",","")," ","")))-1))*1000,IF(RIGHT(UPPER(SUBSTITUTE(SUBSTITUTE(SUBSTITUTE(TRIM(F83),"$",""),",","")," ","")),1)="M",VALUE(LEFT(UPPER(SUBSTITUTE(SUBSTITUTE(SUBSTITUTE(TRIM(F83),"$",""),",","")," ","")),LEN(UPPER(SUBSTITUTE(SUBSTITUTE(SUBSTITUTE(TRIM(F83),"$",""),",","")," ","")))-1))*1000000,VALUE(SUBSTITUTE(SUBSTITUTE(SUBSTITUTE(TRIM(F83),"$",""),",","")," ",""))))) -> 42136 | H83: LinkedIn Ads | I83: vidhi mital | J83: =PROPER(TRIM(I83)) -> Vidhi Mital | K83: 2024-03-13 | L83: =IF(K83="","",IF(ISNUMBER(K83),K83,IF(ISNUMBER(SEARCH("/",K83)),DATE(VALUE(RIGHT(K83,4)),VALUE(MID(K83,4,2)),VALUE(LEFT(K83,2))),DATE(VALUE(LEFT(K83,4)),VALUE(MID(K83,6,2)),VALUE(RIGHT(K83,2)))))) -> 45364 | M83: 45478 | N83: =IF(M83="","",IF(ISNUMBER(M83),M83,IF(ISNUMBER(SEARCH("/",M83)),DATE(VALUE(RIGHT(M83,4)),VALUE(MID(M83,4,2)),VALUE(LEFT(M83,2))),DATE(VALUE(LEFT(M83,4)),VALUE(MID(M83,6,2)),VALUE(RIGHT(M83,2)))))) -> 45478 | O83: 45562 | P83: =IF(O83="","",IF(ISNUMBER(O83),O83,DATE(VALUE(LEFT(O83,4)),VALUE(MID(O83,6,2)),VALUE(RIGHT(O83,2))))) -> 45562 | Q83: 198 | R83: 0 | S83: 1 | T83: 33.3 | U83: East Africa | V83: 42136 | W83: =IF(E83="","",IF(E83="Closed Won","Won",IF(E83="Closed Lost","Lost","Open"))) -> Won | X83: =_xlfn.XLOOKUP(B83,'Customers'!A:A,'Customers'!E:E,"") -> Enterprise | Y83: =IF(OR(W83="Won",W83="Lost"),1,0) -> 1 | Z83: =IF(OR(N83="",P83=""),"",P83-N83) -> 84 | AA83: =IF(AND(Y83=1,Z83>30),1,0) -> 1
A84: DL-00083 | B84: CUST-0838 | C84: CMP-262 | D84: API Access | E84: Proposal | F84: 15K | G84: =IF(F84="","",IF(RIGHT(UPPER(SUBSTITUTE(SUBSTITUTE(SUBSTITUTE(TRIM(F84),"$",""),",","")," ","")),1)="K",VALUE(LEFT(UPPER(SUBSTITUTE(SUBSTITUTE(SUBSTITUTE(TRIM(F84),"$",""),",","")," ","")),LEN(UPPER(SUBSTITUTE(SUBSTITUTE(SUBSTITUTE(TRIM(F84),"$",""),",","")," ","")))-1))*1000,IF(RIGHT(UPPER(SUBSTITUTE(SUBSTITUTE(SUBSTITUTE(TRIM(F84),"$",""),",","")," ","")),1)="M",VALUE(LEFT(UPPER(SUBSTITUTE(SUBSTITUTE(SUBSTITUTE(TRIM(F84),"$",""),",","")," ","")),LEN(UPPER(SUBSTITUTE(SUBSTITUTE(SUBSTITUTE(TRIM(F84),"$",""),",","")," ","")))-1))*1000000,VALUE(SUBSTITUTE(SUBSTITUTE(SUBSTITUTE(TRIM(F84),"$",""),",","")," ",""))))) -> 15000 | H84: Partner Referral | I84: Jairaj Panchal | J84: =PROPER(TRIM(I84)) -> Jairaj Panchal | K84: 2022-11-23 | L84: =IF(K84="","",IF(ISNUMBER(K84),K84,IF(ISNUMBER(SEARCH("/",K84)),DATE(VALUE(RIGHT(K84,4)),VALUE(MID(K84,4,2)),VALUE(LEFT(K84,2))),DATE(VALUE(LEFT(K84,4)),VALUE(MID(K84,6,2)),VALUE(RIGHT(K84,2)))))) -> 44888 | N84: =IF(M84="","",IF(ISNUMBER(M84),M84,IF(ISNUMBER(SEARCH("/",M84)),DATE(VALUE(RIGHT(M84,4)),VALUE(MID(M84,4,2)),VALUE(LEFT(M84,2))),DATE(VALUE(LEFT(M84,4)),VALUE(MID(M84,6,2)),VALUE(RIGHT(M84,2)))))) | P84: =IF(O84="","",IF(ISNUMBER(O84),O84,DATE(VALUE(LEFT(O84,4)),VALUE(MID(O84,6,2)),VALUE(RIGHT(O84,2))))) | R84: 0 | S84: 1 | T84: 14.4 | U84: East Africa | V84: 15000 | W84: =IF(E84="","",IF(E84="Closed Won","Won",IF(E84="Closed Lost","Lost","Open"))) -> Open | X84: =_xlfn.XLOOKUP(B84,'Customers'!A:A,'Customers'!E:E,"") -> Enterprise | Y84: =IF(OR(W84="Won",W84="Lost"),1,0) -> 0 | Z84: =IF(OR(N84="",P84=""),"",P84-N84) | AA84: =IF(AND(Y84=1,Z84>30),1,0) -> 0
A85: DL-00084 | B85: CUST-0618 | C85: CMP-327 | D85: WorkHub Pro | E85: Qualification | F85: 43342 | G85: =IF(F85="","",IF(RIGHT(UPPER(SUBSTITUTE(SUBSTITUTE(SUBSTITUTE(TRIM(F85),"$",""),",","")," ","")),1)="K",VALUE(LEFT(UPPER(SUBSTITUTE(SUBSTITUTE(SUBSTITUTE(TRIM(F85),"$",""),",","")," ","")),LEN(UPPER(SUBSTITUTE(SUBSTITUTE(SUBSTITUTE(TRIM(F85),"$",""),",","")," ","")))-1))*1000,IF(RIGHT(UPPER(SUBSTITUTE(SUBSTITUTE(SUBSTITUTE(TRIM(F85),"$",""),",","")," ","")),1)="M",VALUE(LEFT(UPPER(SUBSTITUTE(SUBSTITUTE(SUBSTITUTE(TRIM(F85),"$",""),",","")," ","")),LEN(UPPER(SUBSTITUTE(SUBSTITUTE(SUBSTITUTE(TRIM(F85),"$",""),",","")," ","")))-1))*1000000,VALUE(SUBSTITUTE(SUBSTITUTE(SUBSTITUTE(TRIM(F85),"$",""),",","")," ",""))))) -> 43342 | H85: Cold Outreach | I85: Lakshmi Hayre | J85: =PROPER(TRIM(I85)) -> Lakshmi Hayre | K85: 2024-05-08 | L85: =IF(K85="","",IF(ISNUMBER(K85),K85,IF(ISNUMBER(SEARCH("/",K85)),DATE(VALUE(RIGHT(K85,4)),VALUE(MID(K85,4,2)),VALUE(LEFT(K85,2))),DATE(VALUE(LEFT(K85,4)),VALUE(MID(K85,6,2)),VALUE(RIGHT(K85,2)))))) -> 45420 | M85: 45575 | N85: =IF(M85="","",IF(ISNUMBER(M85),M85,IF(ISNUMBER(SEARCH("/",M85)),DATE(VALUE(RIGHT(M85,4)),VALUE(MID(M85,4,2)),VALUE(LEFT(M85,2))),DATE(VALUE(LEFT(M85,4)),VALUE(MID(M85,6,2)),VALUE(RIGHT(M85,2)))))) -> 45575 | P85: =IF(O85="","",IF(ISNUMBER(O85),O85,DATE(VALUE(LEFT(O85,4)),VALUE(MID(O85,6,2)),VALUE(RIGHT(O85,2))))) | R85: 0 | S85: 1 | U85: Middle East | V85: 43342 | W85: =IF(E85="","",IF(E85="Closed Won","Won",IF(E85="Closed Lost","Lost","Open"))) -> Open | X85: =_xlfn.XLOOKUP(B85,'Customers'!A:A,'Customers'!E:E,"") -> Mid-Market | Y85: =IF(OR(W85="Won",W85="Lost"),1,0) -> 0 | Z85: =IF(OR(N85="",P85=""),"",P85-N85) | AA85: =IF(AND(Y85=1,Z85>30),1,0) -> 0
A86: DL-00085 | B86: CUST-0730 | C86: CMP-101 | D86: WorkHub Pro | E86: Demo | F86: $34,284 | G86: =IF(F86="","",IF(RIGHT(UPPER(SUBSTITUTE(SUBSTITUTE(SUBSTITUTE(TRIM(F86),"$",""),",","")," ","")),1)="K",VALUE(LEFT(UPPER(SUBSTITUTE(SUBSTITUTE(SUBSTITUTE(TRIM(F86),"$",""),",","")," ","")),LEN(UPPER(SUBSTITUTE(SUBSTITUTE(SUBSTITUTE(TRIM(F86),"$",""),",","")," ","")))-1))*1000,IF(RIGHT(UPPER(SUBSTITUTE(SUBSTITUTE(SUBSTITUTE(TRIM(F86),"$",""),",","")," ","")),1)="M",VALUE(LEFT(UPPER(SUBSTITUTE(SUBSTITUTE(SUBSTITUTE(TRIM(F86),"$",""),",","")," ","")),LEN(UPPER(SUBSTITUTE(SUBSTITUTE(SUBSTITUTE(TRIM(F86),"$",""),",","")," ","")))-1))*1000000,VALUE(SUBSTITUTE(SUBSTITUTE(SUBSTITUTE(TRIM(F86),"$",""),",","")," ",""))))) -> 34284 | H86: LinkedIn Ads | I86: Rachit Lall | J86: =PROPER(TRIM(I86)) -> Rachit Lall | K86: 2023-08-03 | L86: =IF(K86="","",IF(ISNUMBER(K86),K86,IF(ISNUMBER(SEARCH("/",K86)),DATE(VALUE(RIGHT(K86,4)),VALUE(MID(K86,4,2)),VALUE(LEFT(K86,2))),DATE(VALUE(LEFT(K86,4)),VALUE(MID(K86,6,2)),VALUE(RIGHT(K86,2)))))) -> 45141 | M86: 45187 | N86: =IF(M86="","",IF(ISNUMBER(M86),M86,IF(ISNUMBER(SEARCH("/",M86)),DATE(VALUE(RIGHT(M86,4)),VALUE(MID(M86,4,2)),VALUE(LEFT(M86,2))),DATE(VALUE(LEFT(M86,4)),VALUE(MID(M86,6,2)),VALUE(RIGHT(M86,2)))))) -> 45187 | P86: =IF(O86="","",IF(ISNUMBER(O86),O86,DATE(VALUE(LEFT(O86,4)),VALUE(MID(O86,6,2)),VALUE(RIGHT(O86,2))))) | R86: 0 | S86: 1 | T86: 24.9 | U86: South Asia | V86: 34284 | W86: =IF(E86="","",IF(E86="Closed Won","Won",IF(E86="Closed Lost","Lost","Open"))) -> Open | X86: =_xlfn.XLOOKUP(B86,'Customers'!A:A,'Customers'!E:E,"") -> SMB | Y86: =IF(OR(W86="Won",W86="Lost"),1,0) -> 0 | Z86: =IF(OR(N86="",P86=""),"",P86-N86) | AA86: =IF(AND(Y86=1,Z86>30),1,0) -> 0
A87: DL-00086 | B87: CUST-0950 | C87: CMP-215 | D87: WorkHub Pro | E87: Prospecting | F87: 28817 | G87: =IF(F87="","",IF(RIGHT(UPPER(SUBSTITUTE(SUBSTITUTE(SUBSTITUTE(TRIM(F87),"$",""),",","")," ","")),1)="K",VALUE(LEFT(UPPER(SUBSTITUTE(SUBSTITUTE(SUBSTITUTE(TRIM(F87),"$",""),",","")," ","")),LEN(UPPER(SUBSTITUTE(SUBSTITUTE(SUBSTITUTE(TRIM(F87),"$",""),",","")," ","")))-1))*1000,IF(RIGHT(UPPER(SUBSTITUTE(SUBSTITUTE(SUBSTITUTE(TRIM(F87),"$",""),",","")," ","")),1)="M",VALUE(LEFT(UPPER(SUBSTITUTE(SUBSTITUTE(SUBSTITUTE(TRIM(F87),"$",""),",","")," ","")),LEN(UPPER(SUBSTITUTE(SUBSTITUTE(SUBSTITUTE(TRIM(F87),"$",""),",","")," ","")))-1))*1000000,VALUE(SUBSTITUTE(SUBSTITUTE(SUBSTITUTE(TRIM(F87),"$",""),",","")," ",""))))) -> 28817 | H87: Product-Led Signup | I87: Anamika Keer | J87: =PROPER(TRIM(I87)) -> Anamika Keer | K87: 2023-08-12 | L87: =IF(K87="","",IF(ISNUMBER(K87),K87,IF(ISNUMBER(SEARCH("/",K87)),DATE(VALUE(RIGHT(K87,4)),VALUE(MID(K87,4,2)),VALUE(LEFT(K87,2))),DATE(VALUE(LEFT(K87,4)),VALUE(MID(K87,6,2)),VALUE(RIGHT(K87,2)))))) -> 45150 | M87: 45210 | N87: =IF(M87="","",IF(ISNUMBER(M87),M87,IF(ISNUMBER(SEARCH("/",M87)),DATE(VALUE(RIGHT(M87,4)),VALUE(MID(M87,4,2)),VALUE(LEFT(M87,2))),DATE(VALUE(LEFT(M87,4)),VALUE(MID(M87,6,2)),VALUE(RIGHT(M87,2)))))) -> 45210 | P87: =IF(O87="","",IF(ISNUMBER(O87),O87,DATE(VALUE(LEFT(O87,4)),VALUE(MID(O87,6,2)),VALUE(RIGHT(O87,2))))) | R87: 0 | S87: 1 | T87: 18.5 | U87: ANZ | V87: 28817 | W87: =IF(E87="","",IF(E87="Closed Won","Won",IF(E87="Closed Lost","Lost","Open"))) -> Open | X87: =_xlfn.XLOOKUP(B87,'Customers'!A:A,'Customers'!E:E,"") -> SMB | Y87: =IF(OR(W87="Won",W87="Lost"),1,0) -> 0 | Z87: =IF(OR(N87="",P87=""),"",P87-N87) | AA87: =IF(AND(Y87=1,Z87>30),1,0) -> 0
A88: DL-00087 | B88: CUST-0038 | C88: CMP-160 | D88: WorkHub Enterprise | E88: Closed Won | F88: 80940 | G88: =IF(F88="","",IF(RIGHT(UPPER(SUBSTITUTE(SUBSTITUTE(SUBSTITUTE(TRIM(F88),"$",""),",","")," ","")),1)="K",VALUE(LEFT(UPPER(SUBSTITUTE(SUBSTITUTE(SUBSTITUTE(TRIM(F88),"$",""),",","")," ","")),LEN(UPPER(SUBSTITUTE(SUBSTITUTE(SUBSTITUTE(TRIM(F88),"$",""),",","")," ","")))-1))*1000,IF(RIGHT(UPPER(SUBSTITUTE(SUBSTITUTE(SUBSTITUTE(TRIM(F88),"$",""),",","")," ","")),1)="M",VALUE(LEFT(UPPER(SUBSTITUTE(SUBSTITUTE(SUBSTITUTE(TRIM(F88),"$",""),",","")," ","")),LEN(UPPER(SUBSTITUTE(SUBSTITUTE(SUBSTITUTE(TRIM(F88),"$",""),",","")," ","")))-1))*1000000,VALUE(SUBSTITUTE(SUBSTITUTE(SUBSTITUTE(TRIM(F88),"$",""),",","")," ",""))))) -> 80940 | H88: Paid Search | I88: Amruta Sinha | J88: =PROPER(TRIM(I88)) -> Amruta Sinha | K88: 2023-09-29 | L88: =IF(K88="","",IF(ISNUMBER(K88),K88,IF(ISNUMBER(SEARCH("/",K88)),DATE(VALUE(RIGHT(K88,4)),VALUE(MID(K88,4,2)),VALUE(LEFT(K88,2))),DATE(VALUE(LEFT(K88,4)),VALUE(MID(K88,6,2)),VALUE(RIGHT(K88,2)))))) -> 45198 | M88: 45234 | N88: =IF(M88="","",IF(ISNUMBER(M88),M88,IF(ISNUMBER(SEARCH("/",M88)),DATE(VALUE(RIGHT(M88,4)),VALUE(MID(M88,4,2)),VALUE(LEFT(M88,2))),DATE(VALUE(LEFT(M88,4)),VALUE(MID(M88,6,2)),VALUE(RIGHT(M88,2)))))) -> 45234 | O88: 45265 | P88: =IF(O88="","",IF(ISNUMBER(O88),O88,DATE(VALUE(LEFT(O88,4)),VALUE(MID(O88,6,2)),VALUE(RIGHT(O88,2))))) -> 45265 | Q88: 67 | R88: 1 | S88: 1 | T88: 4.1 | U88: East Africa | V88: 80940 | W88: =IF(E88="","",IF(E88="Closed Won","Won",IF(E88="Closed Lost","Lost","Open"))) -> Won | X88: =_xlfn.XLOOKUP(B88,'Customers'!A:A,'Customers'!E:E,"") -> Mid-Market | Y88: =IF(OR(W88="Won",W88="Lost"),1,0) -> 1 | Z88: =IF(OR(N88="",P88=""),"",P88-N88) -> 31 | AA88: =IF(AND(Y88=1,Z88>30),1,0) -> 1
A89: DL-00088 | B89: CUST-0491 | C89: CMP-319 | D89: Analytics Add-on | E89: Qualification | F89: $4,832 | G89: =IF(F89="","",IF(RIGHT(UPPER(SUBSTITUTE(SUBSTITUTE(SUBSTITUTE(TRIM(F89),"$",""),",","")," ","")),1)="K",VALUE(LEFT(UPPER(SUBSTITUTE(SUBSTITUTE(SUBSTITUTE(TRIM(F89),"$",""),",","")," ","")),LEN(UPPER(SUBSTITUTE(SUBSTITUTE(SUBSTITUTE(TRIM(F89),"$",""),",","")," ","")))-1))*1000,IF(RIGHT(UPPER(SUBSTITUTE(SUBSTITUTE(SUBSTITUTE(TRIM(F89),"$",""),",","")," ","")),1)="M",VALUE(LEFT(UPPER(SUBSTITUTE(SUBSTITUTE(SUBSTITUTE(TRIM(F89),"$",""),",","")," ","")),LEN(UPPER(SUBSTITUTE(SUBSTITUTE(SUBSTITUTE(TRIM(F89),"$",""),",","")," ","")))-1))*1000000,VALUE(SUBSTITUTE(SUBSTITUTE(SUBSTITUTE(TRIM(F89),"$",""),",","")," ",""))))) -> 4832 | H89: Content Download | I89: VIDHI MITAL | J89: =PROPER(TRIM(I89)) -> Vidhi Mital | K89: 30/04/2022 | L89: =IF(K89="","",IF(ISNUMBER(K89),K89,IF(ISNUMBER(SEARCH("/",K89)),DATE(VALUE(RIGHT(K89,4)),VALUE(MID(K89,4,2)),VALUE(LEFT(K89,2))),DATE(VALUE(LEFT(K89,4)),VALUE(MID(K89,6,2)),VALUE(RIGHT(K89,2)))))) -> 44681 | M89: 44747 | N89: =IF(M89="","",IF(ISNUMBER(M89),M89,IF(ISNUMBER(SEARCH("/",M89)),DATE(VALUE(RIGHT(M89,4)),VALUE(MID(M89,4,2)),VALUE(LEFT(M89,2))),DATE(VALUE(LEFT(M89,4)),VALUE(MID(M89,6,2)),VALUE(RIGHT(M89,2)))))) -> 44747 | P89: =IF(O89="","",IF(ISNUMBER(O89),O89,DATE(VALUE(LEFT(O89,4)),VALUE(MID(O89,6,2)),VALUE(RIGHT(O89,2))))) | R89: 0 | S89: 1 | T89: 15.6 | U89: South Asia | V89: 4832 | W89: =IF(E89="","",IF(E89="Closed Won","Won",IF(E89="Closed Lost","Lost","Open"))) -> Open | X89: =_xlfn.XLOOKUP(B89,'Customers'!A:A,'Customers'!E:E,"") -> Mid-Market | Y89: =IF(OR(W89="Won",W89="Lost"),1,0) -> 0 | Z89: =IF(OR(N89="",P89=""),"",P89-N89) | AA89: =IF(AND(Y89=1,Z89>30),1,0) -> 0
A90: DL-00089 | B90: CUST-0566 | C90: CMP-024 | D90: WorkHub Core | E90: Closed Lost | F90: 7,502 | G90: =IF(F90="","",IF(RIGHT(UPPER(SUBSTITUTE(SUBSTITUTE(SUBSTITUTE(TRIM(F90),"$",""),",","")," ","")),1)="K",VALUE(LEFT(UPPER(SUBSTITUTE(SUBSTITUTE(SUBSTITUTE(TRIM(F90),"$",""),",","")," ","")),LEN(UPPER(SUBSTITUTE(SUBSTITUTE(SUBSTITUTE(TRIM(F90),"$",""),",","")," ","")))-1))*1000,IF(RIGHT(UPPER(SUBSTITUTE(SUBSTITUTE(SUBSTITUTE(TRIM(F90),"$",""),",","")," ","")),1)="M",VALUE(LEFT(UPPER(SUBSTITUTE(SUBSTITUTE(SUBSTITUTE(TRIM(F90),"$",""),",","")," ","")),LEN(UPPER(SUBSTITUTE(SUBSTITUTE(SUBSTITUTE(TRIM(F90),"$",""),",","")," ","")))-1))*1000000,VALUE(SUBSTITUTE(SUBSTITUTE(SUBSTITUTE(TRIM(F90),"$",""),",","")," ",""))))) -> 7502 | H90: Webinar | I90: Mason Solanki | J90: =PROPER(TRIM(I90)) -> Mason Solanki | K90: 2022-08-08 | L90: =IF(K90="","",IF(ISNUMBER(K90),K90,IF(ISNUMBER(SEARCH("/",K90)),DATE(VALUE(RIGHT(K90,4)),VALUE(MID(K90,4,2)),VALUE(LEFT(K90,2))),DATE(VALUE(LEFT(K90,4)),VALUE(MID(K90,6,2)),VALUE(RIGHT(K90,2)))))) -> 44781 | M90: 44821 | N90: =IF(M90="","",IF(ISNUMBER(M90),M90,IF(ISNUMBER(SEARCH("/",M90)),DATE(VALUE(RIGHT(M90,4)),VALUE(MID(M90,4,2)),VALUE(LEFT(M90,2))),DATE(VALUE(LEFT(M90,4)),VALUE(MID(M90,6,2)),VALUE(RIGHT(M90,2)))))) -> 44821 | O90: 44920 | P90: =IF(O90="","",IF(ISNUMBER(O90),O90,DATE(VALUE(LEFT(O90,4)),VALUE(MID(O90,6,2)),VALUE(RIGHT(O90,2))))) -> 44920 | Q90: 139 | R90: 0 | S90: 1 | T90: 26.7 | U90: South Asia | V90: 7502 | W90: =IF(E90="","",IF(E90="Closed Won","Won",IF(E90="Closed Lost","Lost","Open"))) -> Lost | X90: =_xlfn.XLOOKUP(B90,'Customers'!A:A,'Customers'!E:E,"") -> SMB | Y90: =IF(OR(W90="Won",W90="Lost"),1,0) -> 1 | Z90: =IF(OR(N90="",P90=""),"",P90-N90) -> 99 | AA90: =IF(AND(Y90=1,Z90>30),1,0) -> 1
